Date,NHB_5Y,MSB_91D,KEPCO_3Y,KDB_1Y,CORP_AA_3Y,CORP_BBB_3Y
2021-02-24,1.48,0.497,1.147,0.799,2.032,8.414
2021-02-25,1.501,0.495,1.145,0.799,2.035,8.414
2021-02-26,1.57,0.499,1.169,0.803,2.054,8.433
2021-02-27,1.57,0.499,1.169,0.803,2.054,8.433
2021-02-28,1.57,0.499,1.169,0.803,2.054,8.433
2021-03-01,1.57,0.499,1.169,0.803,2.054,8.433
2021-03-02,1.571,0.497,1.168,0.802,2.054,8.433
2021-03-03,1.549,0.497,1.167,0.801,2.051,8.43
2021-03-04,1.55,0.498,1.171,0.802,2.058,8.437
2021-03-05,1.568,0.498,1.195,0.802,2.08,8.461
2021-03-06,1.568,0.498,1.195,0.802,2.08,8.461
2021-03-07,1.568,0.498,1.195,0.802,2.08,8.461
2021-03-08,1.615,0.501,1.252,0.81,2.117,8.494
2021-03-09,1.694,0.506,1.32,0.826,2.159,8.547
2021-03-10,1.675,0.5,1.302,0.824,2.134,8.507
2021-03-11,1.642,0.5,1.3,0.825,2.123,8.495
2021-03-12,1.697,0.504,1.335,0.834,2.149,8.523
2021-03-13,1.697,0.504,1.335,0.834,2.149,8.523
2021-03-14,1.697,0.504,1.335,0.834,2.149,8.523
2021-03-15,1.734,0.505,1.349,0.844,2.153,8.53
2021-03-16,1.722,0.5,1.326,0.845,2.114,8.491
2021-03-17,1.754,0.501,1.332,0.843,2.115,8.494
2021-03-18,1.753,0.499,1.305,0.835,2.083,8.443
2021-03-19,1.751,0.502,1.318,0.837,2.092,8.45
2021-03-20,1.751,0.502,1.318,0.837,2.092,8.45
2021-03-21,1.751,0.502,1.318,0.837,2.092,8.45
2021-03-22,1.771,0.502,1.315,0.837,2.079,8.434
2021-03-23,1.762,0.501,1.313,0.838,2.076,8.431
2021-03-24,1.711,0.5,1.297,0.83,2.059,8.417
2021-03-25,1.696,0.5,1.281,0.83,2.045,8.402
2021-03-26,1.702,0.501,1.297,0.838,2.059,8.417
2021-03-27,1.702,0.501,1.297,0.838,2.059,8.417
2021-03-28,1.702,0.501,1.297,0.838,2.059,8.417
2021-03-29,1.694,0.501,1.298,0.838,2.059,8.417
2021-03-30,1.763,0.504,1.318,0.843,2.078,8.436
2021-03-31,1.755,0.504,1.303,0.839,2.06,8.418
2021-04-01,1.733,0.504,1.307,0.837,2.063,8.421
2021-04-02,1.73,0.504,1.313,0.834,2.067,8.425
2021-04-03,1.73,0.504,1.313,0.834,2.067,8.425
2021-04-04,1.73,0.504,1.313,0.834,2.067,8.425
2021-04-05,1.781,0.505,1.358,0.833,2.095,8.453
2021-04-06,1.755,0.494,1.343,0.819,2.078,8.438
2021-04-07,1.74,0.493,1.343,0.812,2.073,8.433
2021-04-08,1.716,0.489,1.326,0.8,2.051,8.413
2021-04-09,1.731,0.49,1.33,0.791,2.056,8.419
2021-04-10,1.731,0.49,1.33,0.791,2.056,8.419
2021-04-11,1.731,0.49,1.33,0.791,2.056,8.419
2021-04-12,1.712,0.488,1.318,0.784,2.031,8.394
2021-04-13,1.721,0.487,1.314,0.783,2.029,8.39
2021-04-14,1.688,0.485,1.284,0.777,2.003,8.363
2021-04-15,1.724,0.489,1.315,0.79,2.027,8.389
2021-04-16,1.728,0.488,1.317,0.791,2.029,8.391
2021-04-17,1.728,0.488,1.317,0.791,2.029,8.391
2021-04-18,1.728,0.488,1.317,0.791,2.029,8.391
2021-04-19,1.701,0.485,1.31,0.786,1.914,8.298
2021-04-20,1.719,0.484,1.315,0.788,1.918,8.302
2021-04-21,1.71,0.478,1.296,0.783,1.899,8.277
2021-04-22,1.709,0.477,1.294,0.782,1.896,8.274
2021-04-23,1.737,0.479,1.309,0.786,1.907,8.285
2021-04-24,1.737,0.479,1.309,0.786,1.907,8.285
2021-04-25,1.737,0.479,1.309,0.786,1.907,8.285
2021-04-26,1.76,0.479,1.306,0.784,1.903,8.281
2021-04-27,1.753,0.476,1.303,0.771,1.885,8.262
2021-04-28,1.773,0.475,1.31,0.769,1.89,8.263
2021-04-29,1.776,0.475,1.322,0.767,1.9,8.272
2021-04-30,1.8,0.476,1.338,0.774,1.914,8.28
2021-05-01,1.8,0.476,1.338,0.774,1.914,8.28
2021-05-02,1.8,0.476,1.338,0.774,1.914,8.28
2021-05-03,1.803,0.477,1.342,0.781,1.917,8.284
2021-05-04,1.809,0.476,1.348,0.779,1.92,8.287
2021-05-05,1.809,0.476,1.348,0.779,1.92,8.287
2021-05-06,1.795,0.472,1.329,0.768,1.9,8.266
2021-05-07,1.804,0.474,1.329,0.768,1.9,8.266
2021-05-08,1.804,0.474,1.329,0.768,1.9,8.266
2021-05-09,1.804,0.474,1.329,0.768,1.9,8.266
2021-05-10,1.799,0.474,1.329,0.759,1.899,8.264
2021-05-11,1.79,0.473,1.322,0.754,1.892,8.257
2021-05-12,1.792,0.475,1.321,0.753,1.888,8.253
2021-05-13,1.813,0.475,1.325,0.753,1.888,8.254
2021-05-14,1.812,0.472,1.32,0.751,1.882,8.249
2021-05-15,1.812,0.472,1.32,0.751,1.882,8.249
2021-05-16,1.812,0.472,1.32,0.751,1.882,8.249
2021-05-17,1.787,0.469,1.312,0.746,1.872,8.239
2021-05-18,1.788,0.469,1.309,0.747,1.865,8.232
2021-05-19,1.788,0.469,1.309,0.747,1.865,8.232
2021-05-20,1.802,0.468,1.314,0.743,1.869,8.237
2021-05-21,1.792,0.465,1.306,0.74,1.861,8.229
2021-05-22,1.792,0.465,1.306,0.74,1.861,8.229
2021-05-23,1.792,0.465,1.306,0.74,1.861,8.229
2021-05-24,1.81,0.469,1.322,0.746,1.876,8.244
2021-05-25,1.816,0.47,1.34,0.753,1.89,8.259
2021-05-26,1.832,0.47,1.354,0.763,1.902,8.271
2021-05-27,1.806,0.468,1.327,0.765,1.867,8.237
2021-05-28,1.85,0.477,1.362,0.79,1.899,8.271
2021-05-29,1.85,0.477,1.362,0.79,1.899,8.271
2021-05-30,1.85,0.477,1.362,0.79,1.899,8.271
2021-05-31,1.905,0.482,1.411,0.83,1.945,8.318
2021-06-01,1.893,0.473,1.399,0.839,1.929,8.303
2021-06-02,1.891,0.474,1.397,0.866,1.924,8.298
2021-06-03,1.878,0.47,1.385,0.875,1.911,8.282
2021-06-04,1.883,0.469,1.403,0.895,1.931,8.301
2021-06-05,1.883,0.469,1.403,0.895,1.931,8.301
2021-06-06,1.883,0.469,1.403,0.895,1.931,8.301
2021-06-07,1.862,0.469,1.394,0.903,1.911,8.283
2021-06-08,1.836,0.467,1.383,0.904,1.891,8.263
2021-06-09,1.81,0.467,1.363,0.907,1.866,8.237
2021-06-10,1.82,0.472,1.385,0.947,1.88,8.25
2021-06-11,1.831,0.475,1.387,0.961,1.872,8.243
2021-06-12,1.831,0.475,1.387,0.961,1.872,8.243
2021-06-13,1.831,0.475,1.387,0.961,1.872,8.243
2021-06-14,1.841,0.478,1.4,1.007,1.881,8.255
2021-06-15,1.856,0.484,1.418,1.036,1.896,8.27
2021-06-16,1.844,0.486,1.408,1.083,1.879,8.252
2021-06-17,1.868,0.495,1.44,1.093,1.9,8.281
2021-06-18,1.835,0.499,1.436,1.092,1.888,8.269
2021-06-19,1.835,0.499,1.436,1.092,1.888,8.269
2021-06-20,1.835,0.499,1.436,1.092,1.888,8.269
2021-06-21,1.831,0.513,1.466,1.098,1.906,8.295
2021-06-22,1.836,0.51,1.461,1.087,1.889,8.275
2021-06-23,1.826,0.512,1.472,1.088,1.893,8.277
2021-06-24,1.848,0.526,1.542,1.101,1.929,8.312
2021-06-25,1.891,0.545,1.588,1.129,1.969,8.353
2021-06-26,1.891,0.545,1.588,1.129,1.969,8.353
2021-06-27,1.891,0.545,1.588,1.129,1.969,8.353
2021-06-28,1.916,0.581,1.612,1.153,1.993,8.375
2021-06-29,1.892,0.598,1.601,1.164,1.977,8.358
2021-06-30,1.877,0.609,1.597,1.166,1.966,8.344
2021-07-01,1.894,0.619,1.615,1.174,1.975,8.34
2021-07-02,1.903,0.625,1.638,1.177,1.984,8.349
2021-07-03,1.903,0.625,1.638,1.177,1.984,8.349
2021-07-04,1.903,0.625,1.638,1.177,1.984,8.349
2021-07-05,1.878,0.621,1.617,1.165,1.962,8.321
2021-07-06,1.891,0.618,1.623,1.165,1.964,8.322
2021-07-07,1.834,0.602,1.575,1.132,1.915,8.272
2021-07-08,1.791,0.585,1.53,1.094,1.865,8.222
2021-07-09,1.815,0.58,1.545,1.087,1.874,8.232
2021-07-10,1.815,0.58,1.545,1.087,1.874,8.232
2021-07-11,1.815,0.58,1.545,1.087,1.874,8.232
2021-07-12,1.818,0.574,1.554,1.077,1.877,8.235
2021-07-13,1.843,0.578,1.59,1.081,1.896,8.259
2021-07-14,1.812,0.573,1.573,1.075,1.869,8.233
2021-07-15,1.87,0.594,1.66,1.116,1.938,8.292
2021-07-16,1.849,0.599,1.647,1.123,1.908,8.262
2021-07-17,1.849,0.599,1.647,1.123,1.908,8.262
2021-07-18,1.849,0.599,1.647,1.123,1.908,8.262
2021-07-19,1.837,0.603,1.654,1.132,1.908,8.263
2021-07-20,1.791,0.594,1.613,1.118,1.864,8.216
2021-07-21,1.771,0.589,1.597,1.109,1.835,8.19
2021-07-22,1.787,0.595,1.609,1.114,1.843,8.199
2021-07-23,1.775,0.598,1.608,1.114,1.841,8.197
2021-07-24,1.775,0.598,1.608,1.114,1.841,8.197
2021-07-25,1.775,0.598,1.608,1.114,1.841,8.197
2021-07-26,1.744,0.597,1.586,1.107,1.821,8.176
2021-07-27,1.757,0.601,1.596,1.111,1.83,8.184
2021-07-28,1.781,0.607,1.63,1.127,1.853,8.207
2021-07-29,1.8,0.612,1.643,1.138,1.862,8.216
2021-07-30,1.78,0.613,1.63,1.134,1.847,8.2
2021-07-31,1.78,0.613,1.63,1.134,1.847,8.2
2021-08-01,1.78,0.613,1.63,1.134,1.847,8.2
2021-08-02,1.797,0.62,1.648,1.145,1.858,8.211
2021-08-03,1.798,0.623,1.656,1.148,1.863,8.215
2021-08-04,1.774,0.623,1.635,1.139,1.841,8.191
2021-08-05,1.781,0.623,1.63,1.144,1.836,8.185
2021-08-06,1.803,0.635,1.65,1.164,1.855,8.202
2021-08-07,1.803,0.635,1.65,1.164,1.855,8.202
2021-08-08,1.803,0.635,1.65,1.164,1.855,8.202
2021-08-09,1.798,0.639,1.653,1.168,1.859,8.204
2021-08-10,1.795,0.64,1.649,1.167,1.855,8.199
2021-08-11,1.799,0.642,1.637,1.165,1.845,8.187
2021-08-12,1.795,0.65,1.635,1.168,1.84,8.181
2021-08-13,1.794,0.656,1.631,1.169,1.834,8.177
2021-08-14,1.794,0.656,1.631,1.169,1.834,8.177
2021-08-15,1.794,0.656,1.631,1.169,1.834,8.177
2021-08-16,1.794,0.656,1.631,1.169,1.834,8.177
2021-08-17,1.775,0.657,1.626,1.163,1.83,8.173
2021-08-18,1.765,0.659,1.613,1.154,1.817,8.16
2021-08-19,1.738,0.656,1.584,1.145,1.79,8.134
2021-08-20,1.73,0.661,1.587,1.149,1.794,8.136
2021-08-21,1.73,0.661,1.587,1.149,1.794,8.136
2021-08-22,1.73,0.661,1.587,1.149,1.794,8.136
2021-08-23,1.769,0.673,1.611,1.166,1.82,8.15
2021-08-24,1.81,0.689,1.654,1.191,1.862,8.172
2021-08-25,1.81,0.698,1.653,1.201,1.863,8.167
2021-08-26,1.786,0.75,1.622,1.201,1.836,8.132
2021-08-27,1.797,0.765,1.632,1.213,1.842,8.14
2021-08-28,1.797,0.765,1.632,1.213,1.842,8.14
2021-08-29,1.797,0.765,1.632,1.213,1.842,8.14
2021-08-30,1.782,0.761,1.623,1.212,1.832,8.129
2021-08-31,1.785,0.76,1.62,1.21,1.829,8.126
2021-09-01,1.808,0.762,1.639,1.209,1.848,8.141
2021-09-02,1.816,0.767,1.646,1.21,1.855,8.146
2021-09-03,1.823,0.768,1.658,1.208,1.865,8.152
2021-09-04,1.823,0.768,1.658,1.208,1.865,8.152
2021-09-05,1.823,0.768,1.658,1.208,1.865,8.152
2021-09-06,1.841,0.766,1.674,1.209,1.881,8.163
2021-09-07,1.844,0.765,1.681,1.208,1.888,8.168
2021-09-08,1.861,0.766,1.702,1.222,1.908,8.178
2021-09-09,1.866,0.767,1.715,1.239,1.921,8.184
2021-09-10,1.863,0.772,1.725,1.263,1.936,8.186
2021-09-11,1.863,0.772,1.725,1.263,1.936,8.186
2021-09-12,1.863,0.772,1.725,1.263,1.936,8.186
2021-09-13,1.881,0.774,1.75,1.301,1.962,8.202
2021-09-14,1.897,0.776,1.762,1.319,1.975,8.212
2021-09-15,1.862,0.767,1.722,1.319,1.942,8.18
2021-09-16,1.881,0.77,1.738,1.323,1.958,8.191
2021-09-17,1.908,0.773,1.759,1.328,1.978,8.205
2021-09-18,1.908,0.773,1.759,1.328,1.978,8.205
2021-09-19,1.908,0.773,1.759,1.328,1.978,8.205
2021-09-20,1.908,0.773,1.759,1.328,1.978,8.205
2021-09-21,1.908,0.773,1.759,1.328,1.978,8.205
2021-09-22,1.908,0.773,1.759,1.328,1.978,8.205
2021-09-23,1.93,0.777,1.78,1.333,1.996,8.218
2021-09-24,1.972,0.775,1.799,1.335,2.017,8.232
2021-09-25,1.972,0.775,1.799,1.335,2.017,8.232
2021-09-26,1.972,0.775,1.799,1.335,2.017,8.232
2021-09-27,1.991,0.772,1.794,1.335,2.015,8.227
2021-09-28,2.05,0.776,1.841,1.357,2.061,8.26
2021-09-29,2.035,0.773,1.835,1.352,2.057,8.25
2021-09-30,2.043,0.769,1.829,1.354,2.049,8.244
2021-10-01,2.076,0.771,1.867,1.367,2.087,8.263
2021-10-02,2.076,0.771,1.867,1.367,2.087,8.263
2021-10-03,2.076,0.771,1.867,1.367,2.087,8.263
2021-10-04,2.076,0.771,1.867,1.367,2.087,8.263
2021-10-05,2.103,0.77,1.882,1.365,2.101,8.272
2021-10-06,2.182,0.78,1.954,1.402,2.171,8.322
2021-10-07,2.164,0.778,1.936,1.387,2.158,8.26
2021-10-08,2.156,0.777,1.934,1.38,2.156,8.259
2021-10-09,2.156,0.777,1.934,1.38,2.156,8.259
2021-10-10,2.156,0.777,1.934,1.38,2.156,8.259
2021-10-11,2.156,0.777,1.934,1.38,2.156,8.259
2021-10-12,2.222,0.8,2.041,1.397,2.262,8.35
2021-10-13,2.221,0.798,2.049,1.396,2.27,8.356
2021-10-14,2.197,0.793,2.039,1.387,2.261,8.344
2021-10-15,2.192,0.791,2.023,1.387,2.249,8.33
2021-10-16,2.192,0.791,2.023,1.387,2.249,8.33
2021-10-17,2.192,0.791,2.023,1.387,2.249,8.33
2021-10-18,2.255,0.8,2.104,1.425,2.333,8.403
2021-10-19,2.235,0.798,2.092,1.42,2.325,8.394
2021-10-20,2.255,0.799,2.082,1.418,2.318,8.382
2021-10-21,2.258,0.799,2.071,1.408,2.31,8.372
2021-10-22,2.301,0.804,2.119,1.429,2.362,8.412
2021-10-23,2.301,0.804,2.119,1.429,2.362,8.412
2021-10-24,2.301,0.804,2.119,1.429,2.362,8.412
2021-10-25,2.333,0.81,2.14,1.442,2.387,8.426
2021-10-26,2.355,0.817,2.168,1.477,2.423,8.453
2021-10-27,2.452,0.841,2.256,1.548,2.506,8.521
2021-10-28,2.41,0.877,2.248,1.577,2.487,8.481
2021-10-29,2.504,0.891,2.324,1.654,2.573,8.545
2021-10-30,2.504,0.891,2.324,1.654,2.573,8.545
2021-10-31,2.504,0.891,2.324,1.654,2.573,8.545
2021-11-01,2.488,0.893,2.331,1.672,2.58,8.532
2021-11-02,2.419,0.885,2.29,1.67,2.542,8.478
2021-11-03,2.407,0.879,2.282,1.67,2.539,8.466
2021-11-04,2.364,0.875,2.282,1.685,2.544,8.467
2021-11-05,2.3,0.857,2.2,1.677,2.468,8.377
2021-11-06,2.3,0.857,2.2,1.677,2.468,8.377
2021-11-07,2.3,0.857,2.2,1.677,2.468,8.377
2021-11-08,2.274,0.859,2.163,1.664,2.438,8.333
2021-11-09,2.239,0.854,2.123,1.633,2.403,8.294
2021-11-10,2.239,0.856,2.135,1.611,2.417,8.3
2021-11-11,2.264,0.863,2.17,1.604,2.453,8.331
2021-11-12,2.292,0.863,2.215,1.596,2.499,8.376
2021-11-13,2.292,0.863,2.215,1.596,2.499,8.376
2021-11-14,2.292,0.863,2.215,1.596,2.499,8.376
2021-11-15,2.248,0.859,2.169,1.558,2.457,8.332
2021-11-16,2.273,0.865,2.211,1.572,2.505,8.375
2021-11-17,2.291,0.864,2.224,1.565,2.517,8.382
2021-11-18,2.286,0.863,2.205,1.559,2.501,8.367
2021-11-19,2.321,0.87,2.22,1.572,2.513,8.375
2021-11-20,2.321,0.87,2.22,1.572,2.513,8.375
2021-11-21,2.321,0.87,2.22,1.572,2.513,8.375
2021-11-22,2.377,0.884,2.274,1.613,2.563,8.425
2021-11-23,2.392,0.902,2.288,1.637,2.582,8.442
2021-11-24,2.379,0.917,2.276,1.648,2.569,8.43
2021-11-25,2.324,0.931,2.207,1.647,2.499,8.359
2021-11-26,2.229,0.995,2.141,1.642,2.433,8.285
2021-11-27,2.229,0.995,2.141,1.642,2.433,8.285
2021-11-28,2.229,0.995,2.141,1.642,2.433,8.285
2021-11-29,2.232,1.006,2.126,1.656,2.418,8.273
2021-11-30,2.187,1.015,2.08,1.654,2.373,8.232
2021-12-01,2.162,1.02,2.095,1.673,2.385,8.244
2021-12-02,2.185,1.018,2.117,1.672,2.406,8.267
2021-12-03,2.212,1.019,2.174,1.686,2.464,8.322
2021-12-04,2.212,1.019,2.174,1.686,2.464,8.322
2021-12-05,2.212,1.019,2.174,1.686,2.464,8.322
2021-12-06,2.196,1.004,2.148,1.672,2.436,8.293
2021-12-07,2.212,1.005,2.156,1.671,2.446,8.303
2021-12-08,2.16,0.997,2.121,1.658,2.409,8.266
2021-12-09,2.134,0.999,2.093,1.659,2.385,8.241
2021-12-10,2.159,1.001,2.108,1.666,2.399,8.255
2021-12-11,2.159,1.001,2.108,1.666,2.399,8.255
2021-12-12,2.159,1.001,2.108,1.666,2.399,8.255
2021-12-13,2.147,0.998,2.103,1.655,2.402,8.253
2021-12-14,2.148,0.994,2.107,1.645,2.402,8.254
2021-12-15,2.146,0.996,2.134,1.648,2.43,8.281
2021-12-16,2.112,0.993,2.098,1.631,2.398,8.249
2021-12-17,2.115,0.992,2.098,1.63,2.398,8.248
2021-12-18,2.115,0.992,2.098,1.63,2.398,8.248
2021-12-19,2.115,0.992,2.098,1.63,2.398,8.248
2021-12-20,2.084,0.991,2.078,1.626,2.372,8.225
2021-12-21,2.066,0.991,2.062,1.627,2.355,8.208
2021-12-22,2.085,0.995,2.098,1.642,2.392,8.243
2021-12-23,2.139,1.007,2.149,1.657,2.441,8.29
2021-12-24,2.136,0.998,2.146,1.654,2.438,8.284
2021-12-25,2.136,0.998,2.146,1.654,2.438,8.284
2021-12-26,2.136,0.998,2.146,1.654,2.438,8.284
2021-12-27,2.132,0.992,2.124,1.646,2.411,8.261
2021-12-28,2.138,0.994,2.13,1.656,2.417,8.268
2021-12-29,2.126,0.992,2.125,1.649,2.409,8.261
2021-12-30,2.16,0.997,2.14,1.655,2.417,8.27
2021-12-31,2.16,0.998,2.14,1.656,2.415,8.27
2022-01-01,2.16,0.998,2.14,1.656,2.415,8.27
2022-01-02,2.16,0.998,2.14,1.656,2.415,8.27
2022-01-03,2.224,1.001,2.184,1.669,2.46,8.316
2022-01-04,2.243,1.005,2.208,1.675,2.474,8.333
2022-01-05,2.283,1.0,2.24,1.646,2.506,8.368
2022-01-06,2.419,1.009,2.344,1.678,2.59,8.462
2022-01-07,2.391,1.006,2.346,1.673,2.593,8.464
2022-01-08,2.391,1.006,2.346,1.673,2.593,8.464
2022-01-09,2.391,1.006,2.346,1.673,2.593,8.464
2022-01-10,2.397,1.225,2.378,1.68,2.624,8.493
2022-01-11,2.399,1.228,2.374,1.697,2.611,8.48
2022-01-12,2.345,1.216,2.347,1.68,2.576,8.447
2022-01-13,2.318,1.212,2.312,1.688,2.537,8.409
2022-01-14,2.373,1.23,2.385,1.732,2.6,8.484
2022-01-15,2.373,1.23,2.385,1.732,2.6,8.484
2022-01-16,2.373,1.23,2.385,1.732,2.6,8.484
2022-01-17,2.467,1.242,2.486,1.786,2.699,8.579
2022-01-18,2.459,1.242,2.473,1.783,2.685,8.565
2022-01-19,2.445,1.236,2.44,1.773,2.645,8.526
2022-01-20,2.482,1.252,2.481,1.797,2.684,8.566
2022-01-21,2.479,1.246,2.492,1.789,2.693,8.577
2022-01-22,2.479,1.246,2.492,1.789,2.693,8.577
2022-01-23,2.479,1.246,2.492,1.789,2.693,8.577
2022-01-24,2.467,1.241,2.478,1.785,2.675,8.559
2022-01-25,2.508,1.265,2.527,1.809,2.725,8.606
2022-01-26,2.511,1.258,2.514,1.812,2.713,8.591
2022-01-27,2.57,1.259,2.577,1.844,2.781,8.653
2022-01-28,2.548,1.253,2.562,1.848,2.765,8.635
2022-01-29,2.548,1.253,2.562,1.848,2.765,8.635
2022-01-30,2.548,1.253,2.562,1.848,2.765,8.635
2022-01-31,2.548,1.253,2.562,1.848,2.765,8.635
2022-02-01,2.548,1.253,2.562,1.848,2.765,8.635
2022-02-02,2.548,1.253,2.562,1.848,2.765,8.635
2022-02-03,2.522,1.246,2.531,1.836,2.733,8.601
2022-02-04,2.57,1.25,2.567,1.854,2.771,8.637
2022-02-05,2.57,1.25,2.567,1.854,2.771,8.637
2022-02-06,2.57,1.25,2.567,1.854,2.771,8.637
2022-02-07,2.604,1.23,2.612,1.857,2.815,8.68
2022-02-08,2.679,1.227,2.667,1.858,2.867,8.733
2022-02-09,2.655,1.219,2.649,1.851,2.857,8.718
2022-02-10,2.635,1.219,2.638,1.844,2.85,8.708
2022-02-11,2.693,1.221,2.713,1.865,2.921,8.776
2022-02-12,2.693,1.221,2.713,1.865,2.921,8.776
2022-02-13,2.693,1.221,2.713,1.865,2.921,8.776
2022-02-14,2.678,1.216,2.721,1.864,2.926,8.775
2022-02-15,2.66,1.224,2.723,1.872,2.928,8.772
2022-02-16,2.64,1.219,2.711,1.866,2.913,8.756
2022-02-17,2.624,1.215,2.692,1.864,2.895,8.738
2022-02-18,2.647,1.218,2.714,1.878,2.916,8.761
2022-02-19,2.647,1.218,2.714,1.878,2.916,8.761
2022-02-20,2.647,1.218,2.714,1.878,2.916,8.761
2022-02-21,2.694,1.225,2.749,1.885,2.949,8.794
2022-02-22,2.654,1.203,2.718,1.875,2.916,8.76
2022-02-23,2.647,1.207,2.716,1.881,2.913,8.753
2022-02-24,2.57,1.198,2.64,1.868,2.83,8.675
2022-02-25,2.603,1.201,2.659,1.883,2.854,8.698
2022-02-26,2.603,1.201,2.659,1.883,2.854,8.698
2022-02-27,2.603,1.201,2.659,1.883,2.854,8.698
2022-02-28,2.596,1.203,2.659,1.881,2.855,8.699
2022-03-01,2.596,1.203,2.659,1.881,2.855,8.699
2022-03-02,2.542,1.199,2.612,1.865,2.813,8.654
2022-03-03,2.587,1.207,2.629,1.869,2.835,8.672
2022-03-04,2.598,1.204,2.64,1.87,2.848,8.682
2022-03-05,2.598,1.204,2.64,1.87,2.848,8.682
2022-03-06,2.598,1.204,2.64,1.87,2.848,8.682
2022-03-07,2.648,1.209,2.711,1.901,2.922,8.756
2022-03-08,2.654,1.199,2.721,1.893,2.931,8.76
2022-03-09,2.654,1.199,2.721,1.893,2.931,8.76
2022-03-10,2.655,1.205,2.718,1.909,2.933,8.756
2022-03-11,2.624,1.199,2.707,1.889,2.92,8.746
2022-03-12,2.624,1.199,2.707,1.889,2.92,8.746
2022-03-13,2.624,1.199,2.707,1.889,2.92,8.746
2022-03-14,2.662,1.204,2.735,1.89,2.947,8.774
2022-03-15,2.684,1.204,2.748,1.887,2.965,8.79
2022-03-16,2.672,1.191,2.733,1.874,2.948,8.777
2022-03-17,2.617,1.176,2.69,1.857,2.902,8.738
2022-03-18,2.641,1.179,2.7,1.871,2.911,8.751
2022-03-19,2.641,1.179,2.7,1.871,2.911,8.751
2022-03-20,2.641,1.179,2.7,1.871,2.911,8.751
2022-03-21,2.67,1.189,2.737,1.88,2.944,8.783
2022-03-22,2.768,1.203,2.843,1.915,3.045,8.883
2022-03-23,2.777,1.204,2.869,1.924,3.073,8.905
2022-03-24,2.801,1.209,2.9,1.943,3.104,8.934
2022-03-25,2.847,1.226,2.956,1.974,3.163,8.983
2022-03-26,2.847,1.226,2.956,1.974,3.163,8.983
2022-03-27,2.847,1.226,2.956,1.974,3.163,8.983
2022-03-28,3.079,1.278,3.184,2.099,3.394,9.217
2022-03-29,3.007,1.281,3.148,2.096,3.361,9.181
2022-03-30,2.916,1.282,3.077,2.092,3.291,9.118
2022-03-31,2.954,1.291,3.126,2.113,3.34,9.164
2022-04-01,3.025,1.306,3.244,2.157,3.458,9.281
2022-04-02,3.025,1.306,3.244,2.157,3.458,9.281
2022-04-03,3.025,1.306,3.244,2.157,3.458,9.281
2022-04-04,3.082,1.293,3.303,2.192,3.499,9.331
2022-04-05,3.085,1.293,3.351,2.202,3.542,9.376
2022-04-06,3.151,1.3,3.404,2.264,3.592,9.425
2022-04-07,3.115,1.299,3.373,2.264,3.562,9.401
2022-04-08,3.175,1.317,3.454,2.327,3.636,9.474
2022-04-09,3.175,1.317,3.454,2.327,3.636,9.474
2022-04-10,3.175,1.317,3.454,2.327,3.636,9.474
2022-04-11,3.353,1.329,3.641,2.394,3.813,9.638
2022-04-12,3.334,1.328,3.581,2.411,3.774,9.599
2022-04-13,3.286,1.328,3.492,2.412,3.688,9.521
2022-04-14,3.189,1.327,3.395,2.349,3.583,9.429
2022-04-15,3.26,1.509,3.45,2.343,3.64,9.485
2022-04-16,3.26,1.509,3.45,2.343,3.64,9.485
2022-04-17,3.26,1.509,3.45,2.343,3.64,9.485
2022-04-18,3.31,1.511,3.506,2.348,3.689,9.53
2022-04-19,3.294,1.512,3.493,2.321,3.671,9.517
2022-04-20,3.29,1.515,3.489,2.3,3.662,9.509
2022-04-21,3.29,1.509,3.47,2.279,3.647,9.493
2022-04-22,3.332,1.509,3.511,2.286,3.688,9.531
2022-04-23,3.332,1.509,3.511,2.286,3.688,9.531
2022-04-24,3.332,1.509,3.511,2.286,3.688,9.531
2022-04-25,3.22,1.498,3.432,2.259,3.602,9.453
2022-04-26,3.19,1.482,3.413,2.25,3.584,9.437
2022-04-27,3.201,1.48,3.45,2.253,3.595,9.455
2022-04-28,3.216,1.478,3.478,2.233,3.636,9.485
2022-04-29,3.26,1.477,3.508,2.262,3.68,9.52
2022-04-30,3.26,1.477,3.508,2.262,3.68,9.52
2022-05-01,3.26,1.477,3.508,2.262,3.68,9.52
2022-05-02,3.371,1.478,3.627,2.31,3.794,9.633
2022-05-03,3.385,1.485,3.678,2.321,3.855,9.687
2022-05-04,3.418,1.483,3.722,2.335,3.887,9.723
2022-05-05,3.418,1.483,3.722,2.335,3.887,9.723
2022-05-06,3.428,1.465,3.708,2.338,3.873,9.719
2022-05-07,3.428,1.465,3.708,2.338,3.873,9.719
2022-05-08,3.428,1.465,3.708,2.338,3.873,9.719
2022-05-09,3.364,1.449,3.638,2.319,3.8,9.641
2022-05-10,3.337,1.449,3.626,2.285,3.783,9.627
2022-05-11,3.25,1.445,3.523,2.254,3.691,9.534
2022-05-12,3.166,1.449,3.497,2.279,3.657,9.506
2022-05-13,3.192,1.457,3.508,2.291,3.673,9.517
2022-05-14,3.192,1.457,3.508,2.291,3.673,9.517
2022-05-15,3.192,1.457,3.508,2.291,3.673,9.517
2022-05-16,3.287,1.492,3.624,2.358,3.781,9.627
2022-05-17,3.295,1.499,3.617,2.367,3.784,9.626
2022-05-18,3.329,1.509,3.66,2.398,3.832,9.675
2022-05-19,3.32,1.515,3.654,2.405,3.821,9.667
2022-05-20,3.268,1.518,3.62,2.407,3.784,9.628
2022-05-21,3.268,1.518,3.62,2.407,3.784,9.628
2022-05-22,3.268,1.518,3.62,2.407,3.784,9.628
2022-05-23,3.28,1.523,3.633,2.443,3.796,9.641
2022-05-24,3.223,1.521,3.582,2.438,3.742,9.59
2022-05-25,3.198,1.525,3.559,2.449,3.72,9.566
2022-05-26,3.221,1.718,3.574,2.476,3.733,9.577
2022-05-27,3.209,1.747,3.569,2.486,3.728,9.571
2022-05-28,3.209,1.747,3.569,2.486,3.728,9.571
2022-05-29,3.209,1.747,3.569,2.486,3.728,9.571
2022-05-30,3.207,1.747,3.565,2.504,3.724,9.57
2022-05-31,3.302,1.761,3.648,2.555,3.807,9.65
2022-06-01,3.302,1.761,3.648,2.555,3.807,9.65
2022-06-02,3.394,1.762,3.738,2.604,3.897,9.74
2022-06-03,3.407,1.756,3.743,2.618,3.896,9.74
2022-06-04,3.407,1.756,3.743,2.618,3.896,9.74
2022-06-05,3.407,1.756,3.743,2.618,3.896,9.74
2022-06-06,3.407,1.756,3.743,2.618,3.896,9.74
2022-06-07,3.525,1.758,3.854,2.685,4.001,9.847
2022-06-08,3.477,1.75,3.833,2.707,3.982,9.826
2022-06-09,3.462,1.748,3.809,2.715,3.958,9.804
2022-06-10,3.501,1.749,3.851,2.771,3.996,9.857
2022-06-11,3.501,1.749,3.851,2.771,3.996,9.857
2022-06-12,3.501,1.749,3.851,2.771,3.996,9.857
2022-06-13,3.69,1.793,4.07,2.896,4.222,10.072
2022-06-14,3.735,1.788,4.109,2.928,4.27,10.109
2022-06-15,3.838,1.805,4.222,3.024,4.371,10.209
2022-06-16,3.858,1.846,4.283,3.114,4.437,10.272
2022-06-17,3.878,1.859,4.316,3.174,4.468,10.306
2022-06-18,3.878,1.859,4.316,3.174,4.468,10.306
2022-06-19,3.878,1.859,4.316,3.174,4.468,10.306
2022-06-20,3.876,1.864,4.26,3.155,4.414,10.261
2022-06-21,3.867,1.85,4.255,3.144,4.402,10.249
2022-06-22,3.802,1.837,4.139,3.12,4.275,10.142
2022-06-23,3.864,1.839,4.219,3.146,4.363,10.221
2022-06-24,3.763,1.83,4.146,3.14,4.297,10.149
2022-06-25,3.763,1.83,4.146,3.14,4.297,10.149
2022-06-26,3.763,1.83,4.146,3.14,4.297,10.149
2022-06-27,3.817,1.839,4.192,3.214,4.344,10.194
2022-06-28,3.794,1.836,4.178,3.245,4.339,10.191
2022-06-29,3.79,1.852,4.185,3.336,4.359,10.205
2022-06-30,3.757,1.871,4.184,3.449,4.361,10.207
2022-07-01,3.614,1.876,4.085,3.465,4.257,10.099
2022-07-02,3.614,1.876,4.085,3.465,4.257,10.099
2022-07-03,3.614,1.876,4.085,3.465,4.257,10.099
2022-07-04,3.584,1.926,4.076,3.475,4.247,10.091
2022-07-05,3.47,1.927,3.959,3.491,4.128,9.975
2022-07-06,3.387,1.912,3.908,3.467,4.086,9.938
2022-07-07,3.398,1.92,3.934,3.476,4.113,9.964
2022-07-08,3.43,1.948,3.995,3.524,4.186,10.035
2022-07-09,3.43,1.948,3.995,3.524,4.186,10.035
2022-07-10,3.43,1.948,3.995,3.524,4.186,10.035
2022-07-11,3.453,1.972,4.007,3.552,4.198,10.047
2022-07-12,3.425,1.964,3.973,3.583,4.158,10.006
2022-07-13,3.375,2.198,3.916,3.555,4.094,9.942
2022-07-14,3.392,2.497,3.962,3.577,4.139,9.989
2022-07-15,3.363,2.429,3.919,3.56,4.091,9.946
2022-07-16,3.363,2.429,3.919,3.56,4.091,9.946
2022-07-17,3.363,2.429,3.919,3.56,4.091,9.946
2022-07-18,3.391,2.3,3.935,3.56,4.104,9.956
2022-07-19,3.358,2.292,3.918,3.54,4.092,9.941
2022-07-20,3.452,2.308,4.018,3.559,4.197,10.047
2022-07-21,3.456,2.3,4.027,3.558,4.202,10.052
2022-07-22,3.379,2.276,3.959,3.521,4.135,9.984
2022-07-23,3.379,2.276,3.959,3.521,4.135,9.984
2022-07-24,3.379,2.276,3.959,3.521,4.135,9.984
2022-07-25,3.318,2.284,3.913,3.509,4.082,9.93
2022-07-26,3.312,2.288,3.892,3.511,4.063,9.912
2022-07-27,3.243,2.294,3.867,3.486,4.033,9.886
2022-07-28,3.285,2.305,3.91,3.493,4.082,9.932
2022-07-29,3.171,2.296,3.798,3.43,3.969,9.819
2022-07-30,3.171,2.296,3.798,3.43,3.969,9.819
2022-07-31,3.171,2.296,3.798,3.43,3.969,9.819
2022-08-01,3.228,2.328,3.881,3.438,4.043,9.893
2022-08-02,3.134,2.321,3.829,3.405,3.983,9.831
2022-08-03,3.185,2.33,3.889,3.413,4.045,9.891
2022-08-04,3.21,2.325,3.934,3.394,4.091,9.937
2022-08-05,3.183,2.31,3.913,3.353,4.056,9.904
2022-08-06,3.183,2.31,3.913,3.353,4.056,9.904
2022-08-07,3.183,2.31,3.913,3.353,4.056,9.904
2022-08-08,3.24,2.325,3.975,3.368,4.113,9.962
2022-08-09,3.24,2.323,3.983,3.358,4.119,9.967
2022-08-10,3.263,2.328,4.005,3.36,4.133,9.982
2022-08-11,3.256,2.323,3.987,3.335,4.111,9.96
2022-08-12,3.32,2.33,4.03,3.343,4.159,10.006
2022-08-13,3.32,2.33,4.03,3.343,4.159,10.006
2022-08-14,3.32,2.33,4.03,3.343,4.159,10.006
2022-08-15,3.32,2.33,4.03,3.343,4.159,10.006
2022-08-16,3.22,2.308,3.928,3.306,4.057,9.906
2022-08-17,3.238,2.323,3.951,3.327,4.076,9.926
2022-08-18,3.279,2.344,3.998,3.343,4.114,9.964
2022-08-19,3.35,2.365,4.072,3.358,4.186,10.036
2022-08-20,3.35,2.365,4.072,3.358,4.186,10.036
2022-08-21,3.35,2.365,4.072,3.358,4.186,10.036
2022-08-22,3.386,2.383,4.12,3.369,4.235,10.086
2022-08-23,3.416,2.404,4.163,3.399,4.27,10.123
2022-08-24,3.474,2.437,4.2,3.43,4.298,10.155
2022-08-25,3.659,2.592,4.414,3.57,4.507,10.365
2022-08-26,3.692,2.617,4.418,3.589,4.499,10.356
2022-08-27,3.692,2.617,4.418,3.589,4.499,10.356
2022-08-28,3.692,2.617,4.418,3.589,4.499,10.356
2022-08-29,3.828,2.642,4.559,3.651,4.621,10.482
2022-08-30,3.812,2.634,4.553,3.644,4.618,10.475
2022-08-31,3.858,2.652,4.603,3.667,4.658,10.517
2022-09-01,3.938,2.674,4.697,3.709,4.747,10.605
2022-09-02,3.834,2.644,4.608,3.67,4.655,10.518
2022-09-03,3.834,2.644,4.608,3.67,4.655,10.518
2022-09-04,3.834,2.644,4.608,3.67,4.655,10.518
2022-09-05,3.755,2.602,4.544,3.63,4.596,10.453
2022-09-06,3.814,2.648,4.609,3.669,4.662,10.517
2022-09-07,3.815,2.638,4.621,3.678,4.668,10.524
2022-09-08,3.686,2.605,4.498,3.624,4.541,10.398
2022-09-09,3.686,2.605,4.498,3.624,4.541,10.398
2022-09-10,3.686,2.605,4.498,3.624,4.541,10.398
2022-09-11,3.686,2.605,4.498,3.624,4.541,10.398
2022-09-12,3.686,2.605,4.498,3.624,4.541,10.398
2022-09-13,3.654,2.604,4.484,3.633,4.525,10.38
2022-09-14,3.689,2.628,4.544,3.692,4.579,10.433
2022-09-15,3.835,2.645,4.727,3.72,4.759,10.613
2022-09-16,3.852,2.651,4.732,3.724,4.758,10.614
2022-09-17,3.852,2.651,4.732,3.724,4.758,10.614
2022-09-18,3.852,2.651,4.732,3.724,4.758,10.614
2022-09-19,3.875,2.651,4.736,3.726,4.751,10.609
2022-09-20,3.95,2.651,4.795,3.734,4.806,10.664
2022-09-21,4.006,2.666,4.83,3.791,4.843,10.698
2022-09-22,4.223,2.733,5.083,3.908,5.092,10.947
2022-09-23,4.327,2.797,5.189,4.06,5.189,11.043
2022-09-24,4.327,2.797,5.189,4.06,5.189,11.043
2022-09-25,4.327,2.797,5.189,4.06,5.189,11.043
2022-09-26,4.629,2.881,5.501,4.326,5.528,11.382
2022-09-27,4.44,2.864,5.296,4.206,5.308,11.164
2022-09-28,4.479,2.883,5.373,4.311,5.342,11.202
2022-09-29,4.439,2.88,5.361,4.323,5.378,11.232
2022-09-30,4.302,2.813,5.287,4.273,5.28,11.133
2022-10-01,4.302,2.813,5.287,4.273,5.28,11.133
2022-10-02,4.302,2.813,5.287,4.273,5.28,11.133
2022-10-03,4.302,2.813,5.287,4.273,5.28,11.133
2022-10-04,4.165,2.776,5.189,4.194,5.175,11.028
2022-10-05,4.244,2.792,5.269,4.21,5.242,11.093
2022-10-06,4.253,2.784,5.287,4.208,5.231,11.083
2022-10-07,4.361,2.795,5.413,4.253,5.358,11.211
2022-10-08,4.361,2.795,5.413,4.253,5.358,11.211
2022-10-09,4.361,2.795,5.413,4.253,5.358,11.211
2022-10-10,4.361,2.795,5.413,4.253,5.358,11.211
2022-10-11,4.46,2.807,5.492,4.25,5.436,11.284
2022-10-12,4.264,3.052,5.269,4.161,5.21,11.063
2022-10-13,4.37,3.064,5.388,4.281,5.31,11.164
2022-10-14,4.359,3.044,5.4,4.296,5.32,11.173
2022-10-15,4.359,3.044,5.4,4.296,5.32,11.173
2022-10-16,4.359,3.044,5.4,4.296,5.32,11.173
2022-10-17,4.427,3.059,5.457,4.33,5.373,11.233
2022-10-18,4.494,3.057,5.509,4.354,5.408,11.264
2022-10-19,4.616,3.067,5.626,4.486,5.533,11.388
2022-10-20,4.683,3.073,5.673,4.532,5.588,11.444
2022-10-21,4.882,3.114,5.825,4.646,5.736,11.591
2022-10-22,4.882,3.114,5.825,4.646,5.736,11.591
2022-10-23,4.882,3.114,5.825,4.646,5.736,11.591
2022-10-24,4.876,3.126,5.683,4.624,5.592,11.446
2022-10-25,4.746,3.138,5.62,4.618,5.528,11.382
2022-10-26,4.713,3.147,5.633,4.656,5.553,11.404
2022-10-27,4.757,3.209,5.701,4.725,5.62,11.466
2022-10-28,4.607,3.216,5.58,4.712,5.487,11.337
2022-10-29,4.607,3.216,5.58,4.712,5.487,11.337
2022-10-30,4.607,3.216,5.58,4.712,5.487,11.337
2022-10-31,4.632,3.259,5.673,4.786,5.58,11.424
2022-11-01,4.591,3.255,5.583,4.76,5.486,11.332
2022-11-02,4.625,3.274,5.634,4.846,5.533,11.378
2022-11-03,4.704,3.301,5.716,4.923,5.616,11.461
2022-11-04,4.698,3.303,5.69,4.92,5.591,11.438
2022-11-05,4.698,3.303,5.69,4.92,5.591,11.438
2022-11-06,4.698,3.303,5.69,4.92,5.591,11.438
2022-11-07,4.771,3.331,5.762,4.969,5.662,11.511
2022-11-08,4.748,3.333,5.738,4.978,5.642,11.493
2022-11-09,4.678,3.335,5.686,4.959,5.594,11.442
2022-11-10,4.58,3.343,5.642,4.965,5.551,11.402
2022-11-11,4.4,3.326,5.457,4.872,5.361,11.208
2022-11-12,4.4,3.326,5.457,4.872,5.361,11.208
2022-11-13,4.4,3.326,5.457,4.872,5.361,11.208
2022-11-14,4.424,3.355,5.49,4.901,5.42,11.267
2022-11-15,4.296,3.348,5.41,4.871,5.346,11.194
2022-11-16,4.327,3.364,5.476,4.894,5.416,11.261
2022-11-17,4.28,3.374,5.476,4.884,5.427,11.27
2022-11-18,4.225,3.385,5.476,4.869,5.429,11.272
2022-11-19,4.225,3.385,5.476,4.869,5.429,11.272
2022-11-20,4.225,3.385,5.476,4.869,5.429,11.272
2022-11-21,4.226,3.375,5.541,4.857,5.492,11.333
2022-11-22,4.24,3.375,5.563,4.853,5.516,11.357
2022-11-23,4.23,3.367,5.577,4.856,5.536,11.377
2022-11-24,4.087,3.345,5.43,4.765,5.402,11.239
2022-11-25,4.043,3.348,5.397,4.69,5.376,11.211
2022-11-26,4.043,3.348,5.397,4.69,5.376,11.211
2022-11-27,4.043,3.348,5.397,4.69,5.376,11.211
2022-11-28,4.081,3.389,5.419,4.693,5.405,11.242
2022-11-29,4.149,3.398,5.461,4.701,5.468,11.308
2022-11-30,4.136,3.395,5.414,4.654,5.445,11.283
2022-12-01,4.088,3.39,5.359,4.557,5.422,11.259
2022-12-02,4.021,3.359,5.309,4.442,5.386,11.228
2022-12-03,4.021,3.359,5.309,4.442,5.386,11.228
2022-12-04,4.021,3.359,5.309,4.442,5.386,11.228
2022-12-05,3.98,3.346,5.265,4.455,5.37,11.211
2022-12-06,3.979,3.349,5.242,4.444,5.387,11.228
2022-12-07,3.995,3.362,5.253,4.422,5.411,11.25
2022-12-08,3.975,3.381,5.232,4.424,5.412,11.252
2022-12-09,3.904,3.394,5.157,4.407,5.391,11.236
2022-12-10,3.904,3.394,5.157,4.407,5.391,11.236
2022-12-11,3.904,3.394,5.157,4.407,5.391,11.236
2022-12-12,3.899,3.398,5.128,4.382,5.383,11.22
2022-12-13,3.91,3.411,5.107,4.372,5.374,11.217
2022-12-14,3.801,3.401,4.931,4.311,5.272,11.12
2022-12-15,3.772,3.418,4.92,4.308,5.263,11.118
2022-12-16,3.77,3.43,4.873,4.283,5.227,11.092
2022-12-17,3.77,3.43,4.873,4.283,5.227,11.092
2022-12-18,3.77,3.43,4.873,4.283,5.227,11.092
2022-12-19,3.774,3.455,4.853,4.269,5.217,11.086
2022-12-20,3.94,3.489,4.921,4.318,5.333,11.204
2022-12-21,3.886,3.49,4.826,4.266,5.272,11.148
2022-12-22,3.827,3.496,4.716,4.218,5.192,11.074
2022-12-23,3.895,3.511,4.717,4.224,5.215,11.115
2022-12-24,3.895,3.511,4.717,4.224,5.215,11.115
2022-12-25,3.895,3.511,4.717,4.224,5.215,11.115
2022-12-26,3.953,3.526,4.685,4.225,5.235,11.143
2022-12-27,3.952,3.532,4.652,4.195,5.219,11.135
2022-12-28,3.994,3.538,4.607,4.193,5.203,11.127
2022-12-29,4.063,3.549,4.64,4.181,5.238,11.169
2022-12-30,4.067,3.547,4.634,4.174,5.231,11.166
2022-12-31,4.067,3.547,4.634,4.174,5.231,11.166
2023-01-01,4.067,3.547,4.634,4.174,5.231,11.166
2023-01-02,4.126,3.541,4.669,4.159,5.262,11.201
2023-01-03,3.995,3.491,4.515,4.065,5.131,11.088
2023-01-04,3.918,3.463,4.46,3.996,5.078,11.041
2023-01-05,3.898,3.432,4.406,3.954,5.06,11.036
2023-01-06,3.91,3.424,4.403,3.903,5.062,11.051
2023-01-07,3.91,3.424,4.403,3.903,5.062,11.051
2023-01-08,3.91,3.424,4.403,3.903,5.062,11.051
2023-01-09,3.783,3.399,4.288,3.836,4.93,10.94
2023-01-10,3.737,3.406,4.253,3.83,4.887,10.913
2023-01-11,3.645,3.402,4.16,3.786,4.784,10.826
2023-01-12,3.638,3.416,4.081,3.783,4.73,10.8
2023-01-13,3.509,3.425,4.005,3.718,4.62,10.705
2023-01-14,3.509,3.425,4.005,3.718,4.62,10.705
2023-01-15,3.509,3.425,4.005,3.718,4.62,10.705
2023-01-16,3.572,3.49,4.077,3.746,4.661,10.763
2023-01-17,3.623,3.501,4.103,3.743,4.677,10.789
2023-01-18,3.517,3.494,4.01,3.679,4.56,10.687
2023-01-19,3.377,3.469,3.86,3.608,4.403,10.547
2023-01-20,3.454,3.474,3.923,3.623,4.453,10.605
2023-01-21,3.454,3.474,3.923,3.623,4.453,10.605
2023-01-22,3.454,3.474,3.923,3.623,4.453,10.605
2023-01-23,3.454,3.474,3.923,3.623,4.453,10.605
2023-01-24,3.454,3.474,3.923,3.623,4.453,10.605
2023-01-25,3.414,3.486,3.882,3.604,4.4,10.562
2023-01-26,3.407,3.483,3.87,3.6,4.361,10.545
2023-01-27,3.451,3.486,3.89,3.606,4.364,10.563
2023-01-28,3.451,3.486,3.89,3.606,4.364,10.563
2023-01-29,3.451,3.486,3.89,3.606,4.364,10.563
2023-01-30,3.415,3.463,3.848,3.571,4.31,10.523
2023-01-31,3.466,3.463,3.885,3.592,4.344,10.567
2023-02-01,3.401,3.435,3.824,3.545,4.268,10.5
2023-02-02,3.322,3.411,3.739,3.512,4.177,10.423
2023-02-03,3.233,3.392,3.646,3.481,4.081,10.344
2023-02-04,3.233,3.392,3.646,3.481,4.081,10.344
2023-02-05,3.233,3.392,3.646,3.481,4.081,10.344
2023-02-06,3.407,3.416,3.733,3.55,4.237,10.504
2023-02-07,3.42,3.412,3.772,3.53,4.244,10.527
2023-02-08,3.449,3.412,3.797,3.52,4.244,10.538
2023-02-09,3.522,3.405,3.861,3.535,4.254,10.581
2023-02-10,3.513,3.402,3.851,3.53,4.231,10.571
2023-02-11,3.513,3.402,3.851,3.53,4.231,10.571
2023-02-12,3.513,3.402,3.851,3.53,4.231,10.571
2023-02-13,3.576,3.423,3.895,3.574,4.252,10.613
2023-02-14,3.544,3.436,3.871,3.587,4.207,10.585
2023-02-15,3.628,3.458,3.936,3.629,4.255,10.642
2023-02-16,3.634,3.468,3.936,3.638,4.239,10.638
2023-02-17,3.785,3.51,4.069,3.724,4.345,10.762
2023-02-18,3.785,3.51,4.069,3.724,4.345,10.762
2023-02-19,3.785,3.51,4.069,3.724,4.345,10.762
2023-02-20,3.827,3.52,4.106,3.74,4.369,10.797
2023-02-21,3.79,3.512,4.061,3.733,4.324,10.748
2023-02-22,3.82,3.518,4.09,3.761,4.342,10.763
2023-02-23,3.773,3.509,4.05,3.751,4.311,10.729
2023-02-24,3.71,3.511,4.002,3.74,4.255,10.675
2023-02-25,3.71,3.511,4.002,3.74,4.255,10.675
2023-02-26,3.71,3.511,4.002,3.74,4.255,10.675
2023-02-27,3.836,3.558,4.123,3.823,4.366,10.785
2023-02-28,3.981,3.573,4.238,3.886,4.484,10.899
2023-03-01,3.981,3.573,4.238,3.886,4.484,10.899
2023-03-02,4.052,3.583,4.316,3.913,4.558,10.972
2023-03-03,3.952,3.571,4.23,3.861,4.471,10.893
2023-03-04,3.952,3.571,4.23,3.861,4.471,10.893
2023-03-05,3.952,3.571,4.23,3.861,4.471,10.893
2023-03-06,3.911,3.568,4.209,3.857,4.458,10.878
2023-03-07,3.854,3.549,4.167,3.832,4.41,10.832
2023-03-08,3.96,3.556,4.288,3.881,4.534,10.955
2023-03-09,3.962,3.557,4.293,3.9,4.54,10.961
2023-03-10,3.794,3.527,4.141,3.823,4.396,10.819
2023-03-11,3.794,3.527,4.141,3.823,4.396,10.819
2023-03-12,3.794,3.527,4.141,3.823,4.396,10.819
2023-03-13,3.576,3.489,3.891,3.685,4.149,10.58
2023-03-14,3.524,3.454,3.835,3.633,4.085,10.515
2023-03-15,3.59,3.436,3.932,3.662,4.169,10.595
2023-03-16,3.53,3.421,3.87,3.597,4.098,10.521
2023-03-17,3.534,3.42,3.89,3.605,4.11,10.531
2023-03-18,3.534,3.42,3.89,3.605,4.11,10.531
2023-03-19,3.534,3.42,3.89,3.605,4.11,10.531
2023-03-20,3.414,3.379,3.76,3.529,3.986,10.399
2023-03-21,3.429,3.375,3.788,3.538,4.016,10.43
2023-03-22,3.401,3.36,3.782,3.536,4.014,10.426
2023-03-23,3.347,3.353,3.735,3.527,3.97,10.376
2023-03-24,3.316,3.345,3.683,3.524,3.928,10.323
2023-03-25,3.316,3.345,3.683,3.524,3.928,10.323
2023-03-26,3.316,3.345,3.683,3.524,3.928,10.323
2023-03-27,3.376,3.345,3.738,3.556,3.989,10.38
2023-03-28,3.419,3.338,3.777,3.563,4.029,10.416
2023-03-29,3.402,3.327,3.774,3.561,4.027,10.414
2023-03-30,3.418,3.3,3.778,3.536,4.035,10.418
2023-03-31,3.461,3.287,3.817,3.538,4.074,10.457
2023-04-01,3.461,3.287,3.817,3.538,4.074,10.457
2023-04-02,3.461,3.287,3.817,3.538,4.074,10.457
2023-04-03,3.511,3.283,3.883,3.557,4.139,10.523
2023-04-04,3.426,3.263,3.83,3.513,4.081,10.465
2023-04-05,3.403,3.258,3.827,3.507,4.072,10.458
2023-04-06,3.365,3.242,3.779,3.477,4.022,10.407
2023-04-07,3.378,3.241,3.807,3.48,4.049,10.435
2023-04-08,3.378,3.241,3.807,3.48,4.049,10.435
2023-04-09,3.378,3.241,3.807,3.48,4.049,10.435
2023-04-10,3.32,3.228,3.768,3.452,4.004,10.394
2023-04-11,3.34,3.229,3.805,3.473,4.041,10.431
2023-04-12,3.367,3.23,3.817,3.478,4.042,10.434
2023-04-13,3.346,3.229,3.791,3.457,4.009,10.4
2023-04-14,3.349,3.228,3.809,3.459,4.022,10.413
2023-04-15,3.349,3.228,3.809,3.459,4.022,10.413
2023-04-16,3.349,3.228,3.809,3.459,4.022,10.413
2023-04-17,3.424,3.232,3.883,3.484,4.092,10.483
2023-04-18,3.416,3.234,3.889,3.476,4.101,10.49
2023-04-19,3.46,3.239,3.931,3.491,4.146,10.532
2023-04-20,3.462,3.241,3.93,3.485,4.146,10.532
2023-04-21,3.401,3.237,3.865,3.471,4.083,10.468
2023-04-22,3.401,3.237,3.865,3.471,4.083,10.468
2023-04-23,3.401,3.237,3.865,3.471,4.083,10.468
2023-04-24,3.391,3.236,3.834,3.48,4.051,10.433
2023-04-25,3.42,3.235,3.866,3.493,4.076,10.459
2023-04-26,3.4,3.232,3.858,3.483,4.069,10.45
2023-04-27,3.424,3.243,3.883,3.508,4.094,10.476
2023-04-28,3.465,3.253,3.896,3.531,4.105,10.486
2023-04-29,3.465,3.253,3.896,3.531,4.105,10.486
2023-04-30,3.465,3.253,3.896,3.531,4.105,10.486
2023-05-01,3.465,3.253,3.896,3.531,4.105,10.486
2023-05-02,3.51,3.269,3.934,3.56,4.14,10.522
2023-05-03,3.455,3.273,3.887,3.547,4.094,10.473
2023-05-04,3.381,3.269,3.82,3.529,4.03,10.411
2023-05-05,3.381,3.269,3.82,3.529,4.03,10.411
2023-05-06,3.381,3.269,3.82,3.529,4.03,10.411
2023-05-07,3.381,3.269,3.82,3.529,4.03,10.411
2023-05-08,3.424,3.277,3.866,3.557,4.079,10.458
2023-05-09,3.428,3.283,3.861,3.543,4.069,10.45
2023-05-10,3.432,3.289,3.877,3.555,4.086,10.468
2023-05-11,3.381,3.287,3.823,3.545,4.032,10.415
2023-05-12,3.376,3.297,3.818,3.556,4.035,10.418
2023-05-13,3.376,3.297,3.818,3.556,4.035,10.418
2023-05-14,3.376,3.297,3.818,3.556,4.035,10.418
2023-05-15,3.472,3.328,3.876,3.608,4.089,10.471
2023-05-16,3.453,3.347,3.848,3.609,4.056,10.439
2023-05-17,3.484,3.368,3.871,3.649,4.084,10.467
2023-05-18,3.534,3.389,3.91,3.67,4.123,10.508
2023-05-19,3.567,3.428,3.936,3.7,4.148,10.535
2023-05-20,3.567,3.428,3.936,3.7,4.148,10.535
2023-05-21,3.567,3.428,3.936,3.7,4.148,10.535
2023-05-22,3.55,3.439,3.915,3.7,4.127,10.513
2023-05-23,3.628,3.462,3.973,3.736,4.181,10.567
2023-05-24,3.643,3.467,3.973,3.732,4.183,10.57
2023-05-25,3.743,3.495,4.07,3.797,4.28,10.669
2023-05-26,3.792,3.527,4.112,3.833,4.328,10.719
2023-05-27,3.792,3.527,4.112,3.833,4.328,10.719
2023-05-28,3.792,3.527,4.112,3.833,4.328,10.719
2023-05-29,3.792,3.527,4.112,3.833,4.328,10.719
2023-05-30,3.822,3.545,4.14,3.857,4.359,10.751
2023-05-31,3.699,3.527,4.04,3.811,4.262,10.653
2023-06-01,3.711,3.517,4.062,3.818,4.285,10.675
2023-06-02,3.646,3.497,4.015,3.786,4.244,10.632
2023-06-03,3.646,3.497,4.015,3.786,4.244,10.632
2023-06-04,3.646,3.497,4.015,3.786,4.244,10.632
2023-06-05,3.716,3.522,4.071,3.812,4.307,10.694
2023-06-06,3.716,3.522,4.071,3.812,4.307,10.694
2023-06-07,3.689,3.506,4.042,3.785,4.273,10.662
2023-06-08,3.763,3.524,4.108,3.801,4.344,10.731
2023-06-09,3.731,3.503,4.077,3.77,4.309,10.697
2023-06-10,3.731,3.503,4.077,3.77,4.309,10.697
2023-06-11,3.731,3.503,4.077,3.77,4.309,10.697
2023-06-12,3.728,3.504,4.068,3.771,4.302,10.691
2023-06-13,3.724,3.498,4.068,3.759,4.297,10.684
2023-06-14,3.781,3.508,4.123,3.787,4.356,10.743
2023-06-15,3.838,3.523,4.206,3.819,4.437,10.826
2023-06-16,3.795,3.517,4.168,3.793,4.395,10.785
2023-06-17,3.795,3.517,4.168,3.793,4.395,10.785
2023-06-18,3.795,3.517,4.168,3.793,4.395,10.785
2023-06-19,3.784,3.519,4.162,3.798,4.39,10.78
2023-06-20,3.773,3.52,4.15,3.79,4.38,10.77
2023-06-21,3.765,3.52,4.146,3.793,4.378,10.769
2023-06-22,3.787,3.525,4.17,3.813,4.4,10.79
2023-06-23,3.807,3.528,4.189,3.825,4.419,10.809
2023-06-24,3.807,3.528,4.189,3.825,4.419,10.809
2023-06-25,3.807,3.528,4.189,3.825,4.419,10.809
2023-06-26,3.767,3.523,4.139,3.799,4.375,10.765
2023-06-27,3.755,3.52,4.11,3.8,4.348,10.738
2023-06-28,3.773,3.521,4.128,3.805,4.365,10.754
2023-06-29,3.793,3.529,4.15,3.821,4.391,10.777
2023-06-30,3.873,3.548,4.222,3.866,4.473,10.86
2023-07-01,3.873,3.548,4.222,3.866,4.473,10.86
2023-07-02,3.873,3.548,4.222,3.866,4.473,10.86
2023-07-03,3.8,3.548,4.17,3.834,4.421,10.81
2023-07-04,3.807,3.552,4.176,3.84,4.429,10.817
2023-07-05,3.81,3.556,4.174,3.838,4.425,10.813
2023-07-06,3.872,3.566,4.223,3.864,4.475,10.866
2023-07-07,3.931,3.592,4.28,3.883,4.534,10.923
2023-07-08,3.931,3.592,4.28,3.883,4.534,10.923
2023-07-09,3.931,3.592,4.28,3.883,4.534,10.923
2023-07-10,4.008,3.627,4.342,3.917,4.594,10.983
2023-07-11,3.925,3.624,4.255,3.871,4.502,10.896
2023-07-12,3.925,3.623,4.263,3.873,4.512,10.9
2023-07-13,3.818,3.608,4.161,3.815,4.408,10.798
2023-07-14,3.834,3.601,4.175,3.825,4.42,10.808
2023-07-15,3.834,3.601,4.175,3.825,4.42,10.808
2023-07-16,3.834,3.601,4.175,3.825,4.42,10.808
2023-07-17,3.823,3.595,4.17,3.814,4.414,10.801
2023-07-18,3.814,3.59,4.152,3.801,4.398,10.787
2023-07-19,3.766,3.577,4.101,3.781,4.341,10.732
2023-07-20,3.809,3.58,4.135,3.811,4.379,10.771
2023-07-21,3.826,3.586,4.149,3.809,4.399,10.79
2023-07-22,3.826,3.586,4.149,3.809,4.399,10.79
2023-07-23,3.826,3.586,4.149,3.809,4.399,10.79
2023-07-24,3.839,3.585,4.155,3.808,4.41,10.801
2023-07-25,3.878,3.586,4.178,3.809,4.435,10.83
2023-07-26,3.863,3.581,4.153,3.792,4.413,10.813
2023-07-27,3.831,3.572,4.111,3.77,4.374,10.774
2023-07-28,3.891,3.582,4.158,3.802,4.423,10.823
2023-07-29,3.891,3.582,4.158,3.802,4.423,10.823
2023-07-30,3.891,3.582,4.158,3.802,4.423,10.823
2023-07-31,3.945,3.582,4.196,3.812,4.467,10.867
2023-08-01,3.918,3.575,4.164,3.786,4.435,10.835
2023-08-02,3.951,3.578,4.193,3.803,4.466,10.865
2023-08-03,3.985,3.579,4.223,3.811,4.496,10.896
2023-08-04,4.008,3.58,4.241,3.816,4.519,10.921
2023-08-05,4.008,3.58,4.241,3.816,4.519,10.921
2023-08-06,4.008,3.58,4.241,3.816,4.519,10.921
2023-08-07,3.946,3.579,4.191,3.789,4.468,10.872
2023-08-08,3.897,3.561,4.15,3.776,4.424,10.831
2023-08-09,3.912,3.557,4.174,3.79,4.448,10.854
2023-08-10,3.936,3.558,4.186,3.799,4.464,10.871
2023-08-11,3.963,3.555,4.194,3.807,4.475,10.883
2023-08-12,3.963,3.555,4.194,3.807,4.475,10.883
2023-08-13,3.963,3.555,4.194,3.807,4.475,10.883
2023-08-14,4.024,3.572,4.237,3.829,4.52,10.931
2023-08-15,4.024,3.572,4.237,3.829,4.52,10.931
2023-08-16,3.991,3.56,4.2,3.806,4.488,10.899
2023-08-17,4.092,3.566,4.267,3.83,4.561,10.972
2023-08-18,4.03,3.556,4.209,3.803,4.501,10.912
2023-08-19,4.03,3.556,4.209,3.803,4.501,10.912
2023-08-20,4.03,3.556,4.209,3.803,4.501,10.912
2023-08-21,4.087,3.571,4.273,3.84,4.563,10.975
2023-08-22,4.091,3.575,4.281,3.846,4.569,10.982
2023-08-23,4.055,3.571,4.247,3.832,4.536,10.949
2023-08-24,4.025,3.568,4.234,3.833,4.524,10.938
2023-08-25,4.068,3.569,4.266,3.853,4.554,10.968
2023-08-26,4.068,3.569,4.266,3.853,4.554,10.968
2023-08-27,4.068,3.569,4.266,3.853,4.554,10.968
2023-08-28,4.026,3.565,4.236,3.845,4.524,10.938
2023-08-29,4.006,3.559,4.216,3.841,4.503,10.918
2023-08-30,4.016,3.559,4.207,3.845,4.496,10.911
2023-08-31,3.987,3.559,4.183,3.84,4.473,10.891
2023-09-01,3.951,3.555,4.161,3.844,4.447,10.865
2023-09-02,3.951,3.555,4.161,3.844,4.447,10.865
2023-09-03,3.951,3.555,4.161,3.844,4.447,10.865
2023-09-04,4.005,3.568,4.21,3.887,4.498,10.914
2023-09-05,4.043,3.579,4.239,3.896,4.527,10.943
2023-09-06,4.044,3.579,4.24,3.879,4.521,10.94
2023-09-07,4.114,3.589,4.313,3.912,4.599,11.018
2023-09-08,4.058,3.59,4.27,3.889,4.552,10.973
2023-09-09,4.058,3.59,4.27,3.889,4.552,10.973
2023-09-10,4.058,3.59,4.27,3.889,4.552,10.973
2023-09-11,4.114,3.6,4.344,3.928,4.622,11.042
2023-09-12,4.118,3.606,4.346,3.922,4.621,11.041
2023-09-13,4.116,3.612,4.341,3.929,4.617,11.037
2023-09-14,4.107,3.609,4.324,3.931,4.596,11.015
2023-09-15,4.13,3.616,4.345,3.954,4.608,11.029
2023-09-16,4.13,3.616,4.345,3.954,4.608,11.029
2023-09-17,4.13,3.616,4.345,3.954,4.608,11.029
2023-09-18,4.197,3.622,4.392,3.981,4.648,11.074
2023-09-19,4.199,3.622,4.389,3.976,4.641,11.067
2023-09-20,4.213,3.622,4.391,3.98,4.645,11.069
2023-09-21,4.276,3.629,4.436,4.004,4.689,11.108
2023-09-22,4.224,3.623,4.39,3.994,4.65,11.072
2023-09-23,4.224,3.623,4.39,3.994,4.65,11.072
2023-09-24,4.224,3.623,4.39,3.994,4.65,11.072
2023-09-25,4.238,3.627,4.398,4.002,4.64,11.06
2023-09-26,4.269,3.631,4.42,4.01,4.654,11.073
2023-09-27,4.26,3.629,4.416,4.012,4.658,11.073
2023-09-28,4.26,3.629,4.416,4.012,4.658,11.073
2023-09-29,4.26,3.629,4.416,4.012,4.658,11.073
2023-09-30,4.26,3.629,4.416,4.012,4.658,11.073
2023-10-01,4.26,3.629,4.416,4.012,4.658,11.073
2023-10-02,4.26,3.629,4.416,4.012,4.658,11.073
2023-10-03,4.26,3.629,4.416,4.012,4.658,11.073
2023-10-04,4.526,3.657,4.628,4.104,4.871,11.281
2023-10-05,4.499,3.657,4.609,4.079,4.855,11.26
2023-10-06,4.425,3.642,4.551,4.051,4.796,11.199
2023-10-07,4.425,3.642,4.551,4.051,4.796,11.199
2023-10-08,4.425,3.642,4.551,4.051,4.796,11.199
2023-10-09,4.425,3.642,4.551,4.051,4.796,11.199
2023-10-10,4.418,3.642,4.534,4.046,4.777,11.178
2023-10-11,4.376,3.64,4.492,4.037,4.735,11.136
2023-10-12,4.338,3.631,4.475,4.022,4.719,11.118
2023-10-13,4.384,3.635,4.507,4.036,4.748,11.144
2023-10-14,4.384,3.635,4.507,4.036,4.748,11.144
2023-10-15,4.384,3.635,4.507,4.036,4.748,11.144
2023-10-16,4.41,3.63,4.531,4.039,4.769,11.166
2023-10-17,4.442,3.626,4.552,4.042,4.787,11.181
2023-10-18,4.503,3.63,4.599,4.054,4.83,11.225
2023-10-19,4.563,3.634,4.645,4.073,4.872,11.266
2023-10-20,4.531,3.632,4.616,4.056,4.838,11.231
2023-10-21,4.531,3.632,4.616,4.056,4.838,11.231
2023-10-22,4.531,3.632,4.616,4.056,4.838,11.231
2023-10-23,4.569,3.641,4.642,4.074,4.861,11.255
2023-10-24,4.485,3.635,4.593,4.059,4.81,11.202
2023-10-25,4.51,3.635,4.628,4.084,4.844,11.234
2023-10-26,4.592,3.64,4.691,4.106,4.906,11.294
2023-10-27,4.525,3.634,4.668,4.093,4.884,11.269
2023-10-28,4.525,3.634,4.668,4.093,4.884,11.269
2023-10-29,4.525,3.634,4.668,4.093,4.884,11.269
2023-10-30,4.559,3.635,4.687,4.104,4.905,11.287
2023-10-31,4.565,3.634,4.699,4.11,4.908,11.288
2023-11-01,4.537,3.634,4.693,4.11,4.9,11.277
2023-11-02,4.422,3.617,4.608,4.072,4.811,11.186
2023-11-03,4.378,3.619,4.586,4.073,4.789,11.163
2023-11-04,4.378,3.619,4.586,4.073,4.789,11.163
2023-11-05,4.378,3.619,4.586,4.073,4.789,11.163
2023-11-06,4.316,3.608,4.518,4.066,4.721,11.094
2023-11-07,4.321,3.618,4.527,4.083,4.731,11.103
2023-11-08,4.293,3.617,4.509,4.077,4.715,11.085
2023-11-09,4.239,3.616,4.484,4.074,4.695,11.067
2023-11-10,4.242,3.621,4.498,4.085,4.711,11.081
2023-11-11,4.242,3.621,4.498,4.085,4.711,11.081
2023-11-12,4.242,3.621,4.498,4.085,4.711,11.081
2023-11-13,4.183,3.619,4.508,4.096,4.727,11.1
2023-11-14,4.163,3.611,4.482,4.088,4.704,11.079
2023-11-15,4.025,3.595,4.36,4.043,4.591,10.967
2023-11-16,3.982,3.595,4.285,4.029,4.541,10.922
2023-11-17,3.973,3.594,4.252,4.013,4.504,10.893
2023-11-18,3.973,3.594,4.252,4.013,4.504,10.893
2023-11-19,3.973,3.594,4.252,4.013,4.504,10.893
2023-11-20,3.954,3.594,4.219,4.003,4.469,10.871
2023-11-21,3.929,3.598,4.179,3.991,4.436,10.845
2023-11-22,3.963,3.605,4.187,3.988,4.45,10.864
2023-11-23,3.938,3.603,4.149,3.976,4.418,10.839
2023-11-24,3.986,3.609,4.167,3.992,4.443,10.872
2023-11-25,3.986,3.609,4.167,3.992,4.443,10.872
2023-11-26,3.986,3.609,4.167,3.992,4.443,10.872
2023-11-27,3.996,3.613,4.172,4.001,4.448,10.879
2023-11-28,3.953,3.606,4.124,3.979,4.397,10.83
2023-11-29,3.868,3.589,4.025,3.933,4.297,10.733
2023-11-30,3.91,3.586,4.051,3.946,4.319,10.756
2023-12-01,3.913,3.583,4.051,3.936,4.309,10.753
2023-12-02,3.913,3.583,4.051,3.936,4.309,10.753
2023-12-03,3.913,3.583,4.051,3.936,4.309,10.753
2023-12-04,3.853,3.57,3.999,3.895,4.252,10.7
2023-12-05,3.802,3.562,3.947,3.869,4.197,10.648
2023-12-06,3.76,3.561,3.925,3.852,4.17,10.621
2023-12-07,3.79,3.569,3.968,3.863,4.211,10.667
2023-12-08,3.74,3.562,3.924,3.849,4.167,10.626
2023-12-09,3.74,3.562,3.924,3.849,4.167,10.626
2023-12-10,3.74,3.562,3.924,3.849,4.167,10.626
2023-12-11,3.766,3.569,3.956,3.869,4.196,10.657
2023-12-12,3.731,3.559,3.932,3.848,4.171,10.631
2023-12-13,3.739,3.561,3.951,3.854,4.186,10.647
2023-12-14,3.526,3.498,3.745,3.726,3.98,10.437
2023-12-15,3.563,3.498,3.777,3.72,4.01,10.469
2023-12-16,3.563,3.498,3.777,3.72,4.01,10.469
2023-12-17,3.563,3.498,3.777,3.72,4.01,10.469
2023-12-18,3.545,3.495,3.772,3.708,4.005,10.464
2023-12-19,3.554,3.49,3.79,3.712,4.022,10.482
2023-12-20,3.5,3.483,3.747,3.686,3.975,10.43
2023-12-21,3.514,3.484,3.746,3.698,3.975,10.427
2023-12-22,3.519,3.486,3.741,3.702,3.972,10.423
2023-12-23,3.519,3.486,3.741,3.702,3.972,10.423
2023-12-24,3.519,3.486,3.741,3.702,3.972,10.423
2023-12-25,3.519,3.486,3.741,3.702,3.972,10.423
2023-12-26,3.507,3.486,3.731,3.706,3.962,10.412
2023-12-27,3.511,3.486,3.726,3.713,3.958,10.407
2023-12-28,3.443,3.475,3.661,3.685,3.898,10.342
2023-12-29,3.443,3.475,3.661,3.685,3.898,10.342
2023-12-30,3.443,3.475,3.661,3.685,3.898,10.342
2023-12-31,3.443,3.475,3.661,3.685,3.898,10.342
2024-01-01,3.443,3.475,3.661,3.685,3.898,10.342
2024-01-02,3.531,3.477,3.749,3.706,3.98,10.427
2024-01-03,3.566,3.475,3.784,3.701,4.017,10.457
2024-01-04,3.511,3.462,3.739,3.663,3.977,10.427
2024-01-05,3.557,3.467,3.792,3.651,4.032,10.482
2024-01-06,3.557,3.467,3.792,3.651,4.032,10.482
2024-01-07,3.557,3.467,3.792,3.651,4.032,10.482
2024-01-08,3.56,3.456,3.803,3.634,4.045,10.498
2024-01-09,3.522,3.423,3.761,3.59,4.004,10.455
2024-01-10,3.539,3.426,3.775,3.589,4.017,10.47
2024-01-11,3.499,3.415,3.736,3.556,3.976,10.428
2024-01-12,3.481,3.405,3.712,3.536,3.953,10.402
2024-01-13,3.481,3.405,3.712,3.536,3.953,10.402
2024-01-14,3.481,3.405,3.712,3.536,3.953,10.402
2024-01-15,3.469,3.398,3.696,3.516,3.939,10.385
2024-01-16,3.503,3.401,3.739,3.533,3.982,10.426
2024-01-17,3.553,3.4,3.775,3.538,4.025,10.465
2024-01-18,3.564,3.398,3.782,3.54,4.034,10.473
2024-01-19,3.598,3.398,3.801,3.544,4.058,10.492
2024-01-20,3.598,3.398,3.801,3.544,4.058,10.492
2024-01-21,3.598,3.398,3.801,3.544,4.058,10.492
2024-01-22,3.562,3.386,3.769,3.523,4.03,10.464
2024-01-23,3.568,3.392,3.776,3.53,4.041,10.473
2024-01-24,3.583,3.395,3.786,3.543,4.051,10.481
2024-01-25,3.595,3.396,3.802,3.555,4.061,10.49
2024-01-26,3.549,3.388,3.757,3.534,4.01,10.439
2024-01-27,3.549,3.388,3.757,3.534,4.01,10.439
2024-01-28,3.549,3.388,3.757,3.534,4.01,10.439
2024-01-29,3.599,3.4,3.787,3.571,4.051,10.476
2024-01-30,3.541,3.396,3.738,3.554,4.009,10.432
2024-01-31,3.528,3.399,3.73,3.559,4.002,10.424
2024-02-01,3.526,3.402,3.723,3.565,4.001,10.415
2024-02-02,3.476,3.401,3.699,3.559,3.982,10.39
2024-02-03,3.476,3.401,3.699,3.559,3.982,10.39
2024-02-04,3.476,3.401,3.699,3.559,3.982,10.39
2024-02-05,3.551,3.424,3.758,3.607,4.047,10.454
2024-02-06,3.535,3.416,3.739,3.593,4.028,10.436
2024-02-07,3.525,3.413,3.73,3.591,4.019,10.427
2024-02-08,3.534,3.418,3.742,3.599,4.034,10.442
2024-02-09,3.534,3.418,3.742,3.599,4.034,10.442
2024-02-10,3.534,3.418,3.742,3.599,4.034,10.442
2024-02-11,3.534,3.418,3.742,3.599,4.034,10.442
2024-02-12,3.534,3.418,3.742,3.599,4.034,10.442
2024-02-13,3.575,3.425,3.783,3.618,4.074,10.479
2024-02-14,3.635,3.443,3.85,3.651,4.141,10.533
2024-02-15,3.62,3.43,3.826,3.626,4.117,10.502
2024-02-16,3.626,3.431,3.82,3.627,4.115,10.499
2024-02-17,3.626,3.431,3.82,3.627,4.115,10.499
2024-02-18,3.626,3.431,3.82,3.627,4.115,10.499
2024-02-19,3.619,3.43,3.805,3.625,4.102,10.483
2024-02-20,3.631,3.439,3.814,3.636,4.105,10.483
2024-02-21,3.615,3.441,3.807,3.633,4.09,10.464
2024-02-22,3.566,3.431,3.754,3.602,4.023,10.394
2024-02-23,3.605,3.445,3.777,3.635,4.045,10.415
2024-02-24,3.605,3.445,3.777,3.635,4.045,10.415
2024-02-25,3.605,3.445,3.777,3.635,4.045,10.415
2024-02-26,3.549,3.439,3.74,3.619,4.005,10.373
2024-02-27,3.571,3.445,3.761,3.634,4.025,10.392
2024-02-28,3.573,3.45,3.753,3.639,4.015,10.379
2024-02-29,3.604,3.464,3.777,3.66,4.037,10.4
2024-03-01,3.604,3.464,3.777,3.66,4.037,10.4
2024-03-02,3.604,3.464,3.777,3.66,4.037,10.4
2024-03-03,3.604,3.464,3.777,3.66,4.037,10.4
2024-03-04,3.568,3.466,3.749,3.649,4.008,10.362
2024-03-05,3.554,3.471,3.736,3.648,3.992,10.325
2024-03-06,3.523,3.468,3.711,3.635,3.962,10.282
2024-03-07,3.526,3.47,3.709,3.634,3.959,10.278
2024-03-08,3.471,3.46,3.658,3.611,3.91,10.219
2024-03-09,3.471,3.46,3.658,3.611,3.91,10.219
2024-03-10,3.471,3.46,3.658,3.611,3.91,10.219
2024-03-11,3.476,3.465,3.659,3.601,3.914,10.216
2024-03-12,3.476,3.47,3.655,3.611,3.917,10.214
2024-03-13,3.457,3.468,3.634,3.606,3.899,10.174
2024-03-14,3.486,3.475,3.655,3.618,3.922,10.184
2024-03-15,3.526,3.475,3.687,3.615,3.953,10.201
2024-03-16,3.526,3.475,3.687,3.615,3.953,10.201
2024-03-17,3.526,3.475,3.687,3.615,3.953,10.201
2024-03-18,3.553,3.473,3.723,3.616,3.993,10.233
2024-03-19,3.582,3.472,3.753,3.608,4.022,10.258
2024-03-20,3.557,3.456,3.736,3.586,4.006,10.24
2024-03-21,3.504,3.441,3.672,3.546,3.942,10.176
2024-03-22,3.472,3.445,3.647,3.549,3.918,10.148
2024-03-23,3.472,3.445,3.647,3.549,3.918,10.148
2024-03-24,3.472,3.445,3.647,3.549,3.918,10.148
2024-03-25,3.477,3.448,3.649,3.553,3.915,10.142
2024-03-26,3.486,3.453,3.658,3.568,3.923,10.149
2024-03-27,3.464,3.452,3.637,3.565,3.903,10.13
2024-03-28,3.467,3.46,3.64,3.569,3.903,10.129
2024-03-29,3.499,3.468,3.66,3.572,3.926,10.149
2024-03-30,3.499,3.468,3.66,3.572,3.926,10.149
2024-03-31,3.499,3.468,3.66,3.572,3.926,10.149
2024-04-01,3.472,3.459,3.632,3.543,3.896,10.118
2024-04-02,3.509,3.467,3.668,3.552,3.926,10.146
2024-04-03,3.521,3.465,3.669,3.549,3.927,10.148
2024-04-04,3.516,3.462,3.66,3.541,3.919,10.14
2024-04-05,3.502,3.455,3.643,3.523,3.902,10.125
2024-04-06,3.502,3.455,3.643,3.523,3.902,10.125
2024-04-07,3.502,3.455,3.643,3.523,3.902,10.125
2024-04-08,3.556,3.468,3.686,3.542,3.945,10.16
2024-04-09,3.566,3.47,3.695,3.546,3.953,10.166
2024-04-10,3.566,3.47,3.695,3.546,3.953,10.166
2024-04-11,3.64,3.487,3.761,3.584,4.016,10.22
2024-04-12,3.597,3.464,3.712,3.554,3.961,10.166
2024-04-13,3.597,3.464,3.712,3.554,3.961,10.166
2024-04-14,3.597,3.464,3.712,3.554,3.961,10.166
2024-04-15,3.625,3.467,3.739,3.566,3.983,10.19
2024-04-16,3.659,3.472,3.763,3.574,4.01,10.217
2024-04-17,3.662,3.462,3.756,3.568,4.007,10.212
2024-04-18,3.609,3.444,3.712,3.543,3.96,10.17
2024-04-19,3.646,3.455,3.746,3.572,3.982,10.193
2024-04-20,3.646,3.455,3.746,3.572,3.982,10.193
2024-04-21,3.646,3.455,3.746,3.572,3.982,10.193
2024-04-22,3.688,3.471,3.787,3.607,4.019,10.232
2024-04-23,3.661,3.454,3.758,3.6,3.992,10.209
2024-04-24,3.683,3.459,3.771,3.615,4.004,10.22
2024-04-25,3.733,3.469,3.805,3.634,4.029,10.252
2024-04-26,3.714,3.46,3.796,3.632,4.012,10.234
2024-04-27,3.714,3.46,3.796,3.632,4.012,10.234
2024-04-28,3.714,3.46,3.796,3.632,4.012,10.234
2024-04-29,3.73,3.464,3.813,3.653,4.024,10.244
2024-04-30,3.695,3.457,3.79,3.648,3.995,10.214
2024-05-01,3.695,3.457,3.79,3.648,3.995,10.214
2024-05-02,3.675,3.452,3.77,3.644,3.972,10.189
2024-05-03,3.662,3.453,3.763,3.645,3.958,10.169
2024-05-04,3.662,3.453,3.763,3.645,3.958,10.169
2024-05-05,3.662,3.453,3.763,3.645,3.958,10.169
2024-05-06,3.662,3.453,3.763,3.645,3.958,10.169
2024-05-07,3.599,3.443,3.716,3.622,3.912,10.116
2024-05-08,3.592,3.449,3.705,3.609,3.901,10.099
2024-05-09,3.611,3.453,3.719,3.625,3.913,10.112
2024-05-10,3.6,3.449,3.704,3.607,3.894,10.089
2024-05-11,3.6,3.449,3.704,3.607,3.894,10.089
2024-05-12,3.6,3.449,3.704,3.607,3.894,10.089
2024-05-13,3.613,3.452,3.716,3.613,3.904,10.097
2024-05-14,3.612,3.451,3.717,3.611,3.9,10.089
2024-05-15,3.612,3.451,3.717,3.611,3.9,10.089
2024-05-16,3.532,3.435,3.64,3.574,3.82,10.011
2024-05-17,3.533,3.44,3.643,3.579,3.825,10.009
2024-05-18,3.533,3.44,3.643,3.579,3.825,10.009
2024-05-19,3.533,3.44,3.643,3.579,3.825,10.009
2024-05-20,3.563,3.447,3.673,3.591,3.853,10.031
2024-05-21,3.562,3.446,3.675,3.589,3.853,10.024
2024-05-22,3.562,3.446,3.674,3.59,3.848,10.016
2024-05-23,3.549,3.443,3.664,3.581,3.84,10.003
2024-05-24,3.576,3.447,3.683,3.593,3.861,10.018
2024-05-25,3.576,3.447,3.683,3.593,3.861,10.018
2024-05-26,3.576,3.447,3.683,3.593,3.861,10.018
2024-05-27,3.571,3.444,3.673,3.589,3.851,10.003
2024-05-28,3.557,3.44,3.656,3.577,3.828,9.979
2024-05-29,3.6,3.446,3.684,3.591,3.855,10.004
2024-05-30,3.623,3.447,3.697,3.603,3.867,10.015
2024-05-31,3.623,3.448,3.704,3.599,3.871,10.016
2024-06-01,3.623,3.448,3.704,3.599,3.871,10.016
2024-06-02,3.623,3.448,3.704,3.599,3.871,10.016
2024-06-03,3.586,3.446,3.684,3.587,3.853,9.996
2024-06-04,3.53,3.44,3.64,3.57,3.81,9.951
2024-06-05,3.486,3.434,3.6,3.554,3.771,9.908
2024-06-06,3.486,3.434,3.6,3.554,3.771,9.908
2024-06-07,3.449,3.435,3.565,3.536,3.736,9.871
2024-06-08,3.449,3.435,3.565,3.536,3.736,9.871
2024-06-09,3.449,3.435,3.565,3.536,3.736,9.871
2024-06-10,3.502,3.459,3.605,3.57,3.782,9.912
2024-06-11,3.487,3.449,3.593,3.557,3.775,9.902
2024-06-12,3.453,3.44,3.564,3.542,3.745,9.87
2024-06-13,3.42,3.439,3.54,3.532,3.718,9.844
2024-06-14,3.391,3.433,3.514,3.519,3.694,9.819
2024-06-15,3.391,3.433,3.514,3.519,3.694,9.819
2024-06-16,3.391,3.433,3.514,3.519,3.694,9.819
2024-06-17,3.354,3.429,3.473,3.496,3.662,9.779
2024-06-18,3.357,3.437,3.471,3.502,3.666,9.778
2024-06-19,3.312,3.429,3.419,3.481,3.62,9.724
2024-06-20,3.334,3.444,3.442,3.498,3.648,9.751
2024-06-21,3.312,3.442,3.424,3.48,3.637,9.735
2024-06-22,3.312,3.442,3.424,3.48,3.637,9.735
2024-06-23,3.312,3.442,3.424,3.48,3.637,9.735
2024-06-24,3.32,3.451,3.441,3.491,3.656,9.752
2024-06-25,3.321,3.452,3.444,3.49,3.662,9.759
2024-06-26,3.332,3.454,3.456,3.496,3.676,9.772
2024-06-27,3.343,3.455,3.463,3.5,3.684,9.778
2024-06-28,3.313,3.443,3.436,3.482,3.658,9.749
2024-06-29,3.313,3.443,3.436,3.482,3.658,9.749
2024-06-30,3.313,3.443,3.436,3.482,3.658,9.749
2024-07-01,3.349,3.453,3.46,3.486,3.681,9.772
2024-07-02,3.308,3.431,3.42,3.43,3.634,9.724
2024-07-03,3.295,3.421,3.408,3.411,3.624,9.713
2024-07-04,3.266,3.395,3.377,3.366,3.591,9.675
2024-07-05,3.259,3.378,3.362,3.296,3.582,9.663
2024-07-06,3.259,3.378,3.362,3.296,3.582,9.663
2024-07-07,3.259,3.378,3.362,3.296,3.582,9.663
2024-07-08,3.24,3.369,3.356,3.288,3.58,9.655
2024-07-09,3.233,3.357,3.347,3.277,3.572,9.649
2024-07-10,3.234,3.355,3.35,3.274,3.576,9.652
2024-07-11,3.277,3.367,3.387,3.293,3.614,9.692
2024-07-12,3.217,3.354,3.33,3.282,3.552,9.63
2024-07-13,3.217,3.354,3.33,3.282,3.552,9.63
2024-07-14,3.217,3.354,3.33,3.282,3.552,9.63
2024-07-15,3.211,3.357,3.313,3.29,3.538,9.616
2024-07-16,3.168,3.357,3.271,3.283,3.496,9.572
2024-07-17,3.177,3.365,3.274,3.288,3.509,9.583
2024-07-18,3.182,3.368,3.274,3.29,3.513,9.588
2024-07-19,3.198,3.376,3.283,3.313,3.525,9.6
2024-07-20,3.198,3.376,3.283,3.313,3.525,9.6
2024-07-21,3.198,3.376,3.283,3.313,3.525,9.6
2024-07-22,3.193,3.37,3.277,3.318,3.522,9.595
2024-07-23,3.21,3.37,3.286,3.323,3.533,9.606
2024-07-24,3.178,3.354,3.257,3.314,3.509,9.579
2024-07-25,3.162,3.349,3.242,3.3,3.484,9.552
2024-07-26,3.154,3.348,3.244,3.297,3.482,9.54
2024-07-27,3.154,3.348,3.244,3.297,3.482,9.54
2024-07-28,3.154,3.348,3.244,3.297,3.482,9.54
2024-07-29,3.108,3.335,3.204,3.267,3.434,9.484
2024-07-30,3.128,3.344,3.224,3.281,3.451,9.489
2024-07-31,3.145,3.345,3.235,3.284,3.459,9.492
2024-08-01,3.111,3.336,3.216,3.27,3.431,9.46
2024-08-02,3.072,3.332,3.181,3.249,3.394,9.422
2024-08-03,3.072,3.332,3.181,3.249,3.394,9.422
2024-08-04,3.072,3.332,3.181,3.249,3.394,9.422
2024-08-05,2.963,3.311,3.119,3.204,3.271,9.291
2024-08-06,3.062,3.321,3.207,3.258,3.398,9.415
2024-08-07,3.064,3.304,3.201,3.248,3.397,9.408
2024-08-08,3.05,3.293,3.179,3.246,3.38,9.385
2024-08-09,3.069,3.297,3.203,3.258,3.409,9.412
2024-08-10,3.069,3.297,3.203,3.258,3.409,9.412
2024-08-11,3.069,3.297,3.203,3.258,3.409,9.412
2024-08-12,3.067,3.294,3.214,3.258,3.421,9.418
2024-08-13,3.044,3.288,3.185,3.255,3.395,9.39
2024-08-14,3.013,3.274,3.16,3.246,3.37,9.36
2024-08-15,3.013,3.274,3.16,3.246,3.37,9.36
2024-08-16,3.054,3.281,3.206,3.285,3.415,9.401
2024-08-17,3.054,3.281,3.206,3.285,3.415,9.401
2024-08-18,3.054,3.281,3.206,3.285,3.415,9.401
2024-08-19,3.063,3.272,3.213,3.288,3.424,9.403
2024-08-20,3.08,3.274,3.231,3.294,3.442,9.418
2024-08-21,3.085,3.268,3.229,3.291,3.439,9.414
2024-08-22,3.072,3.262,3.202,3.29,3.422,9.385
2024-08-23,3.096,3.266,3.219,3.305,3.439,9.397
2024-08-24,3.096,3.266,3.219,3.305,3.439,9.397
2024-08-25,3.096,3.266,3.219,3.305,3.439,9.397
2024-08-26,3.072,3.259,3.195,3.3,3.414,9.367
2024-08-27,3.14,3.271,3.245,3.33,3.465,9.415
2024-08-28,3.131,3.262,3.235,3.322,3.456,9.397
2024-08-29,3.153,3.26,3.26,3.341,3.484,9.417
2024-08-30,3.162,3.257,3.275,3.343,3.503,9.43
2024-08-31,3.162,3.257,3.275,3.343,3.503,9.43
2024-09-01,3.162,3.257,3.275,3.343,3.503,9.43
2024-09-02,3.197,3.256,3.313,3.35,3.542,9.465
2024-09-03,3.2,3.247,3.312,3.343,3.545,9.464
2024-09-04,3.147,3.234,3.268,3.318,3.497,9.413
2024-09-05,3.126,3.234,3.253,3.308,3.48,9.387
2024-09-06,3.092,3.229,3.235,3.3,3.46,9.364
2024-09-07,3.092,3.229,3.235,3.3,3.46,9.364
2024-09-08,3.092,3.229,3.235,3.3,3.46,9.364
2024-09-09,3.117,3.229,3.253,3.296,3.471,9.371
2024-09-10,3.091,3.212,3.237,3.254,3.451,9.347
2024-09-11,3.043,3.201,3.187,3.235,3.406,9.299
2024-09-12,3.086,3.204,3.231,3.243,3.449,9.335
2024-09-13,3.026,3.189,3.192,3.22,3.41,9.291
2024-09-14,3.026,3.189,3.192,3.22,3.41,9.291
2024-09-15,3.026,3.189,3.192,3.22,3.41,9.291
2024-09-16,3.026,3.189,3.192,3.22,3.41,9.291
2024-09-17,3.026,3.189,3.192,3.22,3.41,9.291
2024-09-18,3.026,3.189,3.192,3.22,3.41,9.291
2024-09-19,3.058,3.191,3.213,3.231,3.432,9.307
2024-09-20,3.061,3.187,3.211,3.224,3.426,9.3
2024-09-21,3.061,3.187,3.211,3.224,3.426,9.3
2024-09-22,3.061,3.187,3.211,3.224,3.426,9.3
2024-09-23,3.097,3.184,3.232,3.224,3.449,9.319
2024-09-24,3.097,3.179,3.217,3.213,3.439,9.306
2024-09-25,3.07,3.168,3.184,3.198,3.401,9.268
2024-09-26,3.068,3.162,3.178,3.191,3.395,9.261
2024-09-27,3.079,3.164,3.187,3.197,3.409,9.274
2024-09-28,3.079,3.164,3.187,3.197,3.409,9.274
2024-09-29,3.079,3.164,3.187,3.197,3.409,9.274
2024-09-30,3.075,3.157,3.173,3.183,3.397,9.26
2024-10-01,3.075,3.157,3.173,3.183,3.397,9.26
2024-10-02,3.036,3.151,3.141,3.171,3.37,9.23
2024-10-03,3.036,3.151,3.141,3.171,3.37,9.23
2024-10-04,3.091,3.158,3.184,3.189,3.415,9.271
2024-10-05,3.091,3.158,3.184,3.189,3.415,9.271
2024-10-06,3.091,3.158,3.184,3.189,3.415,9.271
2024-10-07,3.207,3.171,3.312,3.237,3.546,9.401
2024-10-08,3.183,3.139,3.286,3.221,3.517,9.374
2024-10-09,3.183,3.139,3.286,3.221,3.517,9.374
2024-10-10,3.184,3.13,3.313,3.225,3.542,9.402
2024-10-11,3.166,3.119,3.299,3.208,3.523,9.385
2024-10-12,3.166,3.119,3.299,3.208,3.523,9.385
2024-10-13,3.166,3.119,3.299,3.208,3.523,9.385
2024-10-14,3.163,3.105,3.29,3.187,3.509,9.373
2024-10-15,3.126,3.091,3.259,3.175,3.475,9.34
2024-10-16,3.091,3.081,3.228,3.167,3.452,9.315
2024-10-17,3.11,3.083,3.242,3.176,3.467,9.329
2024-10-18,3.132,3.087,3.254,3.185,3.48,9.342
2024-10-19,3.132,3.087,3.254,3.185,3.48,9.342
2024-10-20,3.132,3.087,3.254,3.185,3.48,9.342
2024-10-21,3.117,3.077,3.243,3.183,3.471,9.332
2024-10-22,3.168,3.077,3.279,3.191,3.512,9.372
2024-10-23,3.173,3.074,3.273,3.192,3.508,9.368
2024-10-24,3.126,3.05,3.224,3.159,3.46,9.319
2024-10-25,3.115,3.051,3.213,3.158,3.451,9.31
2024-10-26,3.115,3.051,3.213,3.158,3.451,9.31
2024-10-27,3.115,3.051,3.213,3.158,3.451,9.31
2024-10-28,3.18,3.065,3.262,3.199,3.503,9.351
2024-10-29,3.182,3.058,3.263,3.194,3.504,9.347
2024-10-30,3.18,3.055,3.26,3.195,3.502,9.343
2024-10-31,3.182,3.055,3.259,3.202,3.503,9.342
2024-11-01,3.182,3.052,3.263,3.202,3.507,9.344
2024-11-02,3.182,3.052,3.263,3.202,3.507,9.344
2024-11-03,3.182,3.052,3.263,3.202,3.507,9.344
2024-11-04,3.183,3.051,3.262,3.204,3.507,9.342
2024-11-05,3.164,3.049,3.249,3.2,3.491,9.326
2024-11-06,3.206,3.055,3.288,3.225,3.529,9.365
2024-11-07,3.156,3.049,3.25,3.211,3.492,9.328
2024-11-08,3.109,3.036,3.22,3.194,3.461,9.293
2024-11-09,3.109,3.036,3.22,3.194,3.461,9.293
2024-11-10,3.109,3.036,3.22,3.194,3.461,9.293
2024-11-11,3.113,3.046,3.232,3.207,3.471,9.296
2024-11-12,3.098,3.044,3.226,3.2,3.467,9.288
2024-11-13,3.136,3.052,3.261,3.22,3.501,9.319
2024-11-14,3.137,3.05,3.251,3.212,3.492,9.308
2024-11-15,3.141,3.06,3.263,3.229,3.506,9.32
2024-11-16,3.141,3.06,3.263,3.229,3.506,9.32
2024-11-17,3.141,3.06,3.263,3.229,3.506,9.32
2024-11-18,3.117,3.054,3.24,3.225,3.482,9.298
2024-11-19,3.088,3.05,3.215,3.214,3.457,9.274
2024-11-20,3.073,3.05,3.201,3.209,3.438,9.254
2024-11-21,3.038,3.045,3.16,3.192,3.396,9.211
2024-11-22,3.035,3.046,3.147,3.194,3.385,9.199
2024-11-23,3.035,3.046,3.147,3.194,3.385,9.199
2024-11-24,3.035,3.046,3.147,3.194,3.385,9.199
2024-11-25,2.997,3.043,3.106,3.178,3.342,9.154
2024-11-26,2.998,3.045,3.107,3.177,3.343,9.151
2024-11-27,2.979,3.044,3.08,3.172,3.316,9.122
2024-11-28,2.889,3.009,2.985,3.118,3.22,9.024
2024-11-29,2.848,2.979,2.954,3.051,3.194,8.989
2024-11-30,2.848,2.979,2.954,3.051,3.194,8.989
2024-12-01,2.848,2.979,2.954,3.051,3.194,8.989
2024-12-02,2.8,2.964,2.912,2.984,3.156,8.95
2024-12-03,2.803,2.969,2.926,2.974,3.169,8.962
2024-12-04,2.832,2.984,2.955,2.985,3.21,8.994
2024-12-05,2.808,2.977,2.936,2.967,3.194,8.977
2024-12-06,2.815,2.979,2.949,2.97,3.212,8.994
2024-12-07,2.815,2.979,2.949,2.97,3.212,8.994
2024-12-08,2.815,2.979,2.949,2.97,3.212,8.994
2024-12-09,2.758,2.962,2.909,2.939,3.173,8.955
2024-12-10,2.758,2.966,2.914,2.95,3.175,8.957
2024-12-11,2.784,2.968,2.925,2.958,3.188,8.97
2024-12-12,2.799,2.969,2.935,2.961,3.2,8.981
2024-12-13,2.792,2.966,2.926,2.957,3.197,8.977
2024-12-14,2.792,2.966,2.926,2.957,3.197,8.977
2024-12-15,2.792,2.966,2.926,2.957,3.197,8.977
2024-12-16,2.824,2.964,2.939,2.964,3.212,8.991
2024-12-17,2.897,2.975,3.001,2.99,3.279,9.056
2024-12-18,2.822,2.955,2.935,2.963,3.203,8.978
2024-12-19,2.896,2.971,3.002,2.99,3.275,9.046
2024-12-20,2.937,2.975,3.027,2.997,3.3,9.069
2024-12-21,2.937,2.975,3.027,2.997,3.3,9.069
2024-12-22,2.937,2.975,3.027,2.997,3.3,9.069
2024-12-23,2.93,2.968,3.019,2.995,3.292,9.061
2024-12-24,2.975,2.971,3.03,3.009,3.308,9.077
2024-12-25,2.975,2.971,3.03,3.009,3.308,9.077
2024-12-26,3.003,2.973,3.052,3.025,3.33,9.098
2024-12-27,2.978,2.966,3.041,3.016,3.321,9.087
2024-12-28,2.978,2.966,3.041,3.016,3.321,9.087
2024-12-29,2.978,2.966,3.041,3.016,3.321,9.087
2024-12-30,2.953,2.962,3.015,3.006,3.285,9.055
2024-12-31,2.952,2.962,3.014,3.006,3.284,9.054
2025-01-01,2.952,2.962,3.014,3.006,3.284,9.054
2025-01-02,2.867,2.951,2.927,2.946,3.197,8.965
2025-01-03,2.83,2.938,2.899,2.903,3.17,8.936
2025-01-04,2.83,2.938,2.899,2.903,3.17,8.936
2025-01-05,2.83,2.938,2.899,2.903,3.17,8.936
2025-01-06,2.866,2.853,2.928,2.908,3.202,8.969
2025-01-07,2.838,2.859,2.908,2.877,3.187,8.951
2025-01-08,2.825,2.86,2.885,2.848,3.182,8.947
2025-01-09,2.798,2.864,2.872,2.822,3.174,8.939
2025-01-10,2.844,2.879,2.907,2.819,3.22,8.979
2025-01-11,2.844,2.879,2.907,2.819,3.22,8.979
2025-01-12,2.844,2.879,2.907,2.819,3.22,8.979
2025-01-13,2.902,2.889,2.981,2.84,3.306,9.062
2025-01-14,2.887,2.886,2.966,2.82,3.292,9.048
2025-01-15,2.92,2.888,2.985,2.825,3.315,9.071
2025-01-16,2.857,2.879,2.936,2.797,3.276,9.033
2025-01-17,2.815,2.873,2.9,2.784,3.241,8.998
2025-01-18,2.815,2.873,2.9,2.784,3.241,8.998
2025-01-19,2.815,2.873,2.9,2.784,3.241,8.998
2025-01-20,2.837,2.874,2.916,2.797,3.268,9.027
2025-01-21,2.8,2.873,2.874,2.785,3.227,8.986
2025-01-22,2.822,2.874,2.873,2.799,3.227,8.986
2025-01-23,2.845,2.877,2.873,2.809,3.218,8.978
2025-01-24,2.856,2.872,2.863,2.806,3.21,8.968
2025-01-25,2.856,2.872,2.863,2.806,3.21,8.968
2025-01-26,2.856,2.872,2.863,2.806,3.21,8.968
2025-01-27,2.856,2.872,2.863,2.806,3.21,8.968
2025-01-28,2.856,2.872,2.863,2.806,3.21,8.968
2025-01-29,2.856,2.872,2.863,2.806,3.21,8.968
2025-01-30,2.856,2.872,2.863,2.806,3.21,8.968
2025-01-31,2.859,2.873,2.861,2.812,3.204,8.963
2025-02-01,2.859,2.873,2.861,2.812,3.204,8.963
2025-02-02,2.859,2.873,2.861,2.812,3.204,8.963
2025-02-03,2.844,2.87,2.863,2.825,3.196,8.957
2025-02-04,2.857,2.871,2.876,2.828,3.208,8.97
2025-02-05,2.839,2.872,2.869,2.821,3.198,8.963
2025-02-06,2.832,2.871,2.871,2.819,3.196,8.961
2025-02-07,2.875,2.877,2.911,2.838,3.242,9.007
2025-02-08,2.875,2.877,2.911,2.838,3.242,9.007
2025-02-09,2.875,2.877,2.911,2.838,3.242,9.007
2025-02-10,2.877,2.872,2.912,2.826,3.239,9.002
2025-02-11,2.881,2.871,2.91,2.816,3.228,8.993
2025-02-12,2.911,2.87,2.925,2.815,3.238,9.005
2025-02-13,2.902,2.869,2.917,2.814,3.227,8.995
2025-02-14,2.877,2.863,2.903,2.807,3.208,8.975
2025-02-15,2.877,2.863,2.903,2.807,3.208,8.975
2025-02-16,2.877,2.863,2.903,2.807,3.208,8.975
2025-02-17,2.89,2.865,2.913,2.812,3.215,8.983
2025-02-18,2.911,2.865,2.929,2.814,3.224,8.993
2025-02-19,2.909,2.862,2.921,2.811,3.214,8.985
2025-02-20,2.915,2.86,2.917,2.814,3.212,8.982
2025-02-21,2.895,2.86,2.908,2.811,3.2,8.971
2025-02-22,2.895,2.86,2.908,2.811,3.2,8.971
2025-02-23,2.895,2.86,2.908,2.811,3.2,8.971
2025-02-24,2.88,2.842,2.897,2.805,3.191,8.961
2025-02-25,2.858,2.847,2.882,2.798,3.178,8.947
2025-02-26,2.836,2.768,2.87,2.783,3.168,8.936
2025-02-27,2.84,2.762,2.871,2.798,3.172,8.938
2025-02-28,2.811,2.758,2.844,2.796,3.157,8.921
2025-03-01,2.811,2.758,2.844,2.796,3.157,8.921
2025-03-02,2.811,2.758,2.844,2.796,3.157,8.921
2025-03-03,2.811,2.758,2.844,2.796,3.157,8.921
2025-03-04,2.801,2.738,2.826,2.798,3.132,8.901
2025-03-05,2.844,2.75,2.852,2.815,3.151,8.923
2025-03-06,2.873,2.762,2.878,2.829,3.174,8.945
2025-03-07,2.84,2.75,2.851,2.806,3.144,8.916
2025-03-08,2.84,2.75,2.851,2.806,3.144,8.916
2025-03-09,2.84,2.75,2.851,2.806,3.144,8.916
2025-03-10,2.865,2.749,2.879,2.816,3.166,8.935
2025-03-11,2.829,2.743,2.848,2.811,3.131,8.901
2025-03-12,2.822,2.736,2.844,2.812,3.127,8.896
2025-03-13,2.83,2.736,2.86,2.825,3.138,8.904
2025-03-14,2.848,2.741,2.884,2.835,3.161,8.923
2025-03-15,2.848,2.741,2.884,2.835,3.161,8.923
2025-03-16,2.848,2.741,2.884,2.835,3.161,8.923
2025-03-17,2.858,2.739,2.896,2.839,3.171,8.929
2025-03-18,2.856,2.739,2.894,2.835,3.168,8.923
2025-03-19,2.872,2.736,2.91,2.834,3.184,8.937
2025-03-20,2.857,2.732,2.897,2.822,3.168,8.919
2025-03-21,2.854,2.733,2.897,2.823,3.165,8.916
2025-03-22,2.854,2.733,2.897,2.823,3.165,8.916
2025-03-23,2.854,2.733,2.897,2.823,3.165,8.916
2025-03-24,2.867,2.658,2.905,2.826,3.171,8.923
2025-03-25,2.882,2.659,2.917,2.828,3.179,8.932
2025-03-26,2.895,2.662,2.925,2.828,3.187,8.943
2025-03-27,2.891,2.663,2.922,2.827,3.182,8.941
2025-03-28,2.891,2.663,2.924,2.825,3.184,8.943
2025-03-29,2.891,2.663,2.924,2.825,3.184,8.943
2025-03-30,2.891,2.663,2.924,2.825,3.184,8.943
2025-03-31,2.831,2.646,2.878,2.794,3.14,8.899
2025-04-01,2.849,2.664,2.892,2.797,3.153,8.911
2025-04-02,2.824,2.664,2.886,2.786,3.151,8.906
2025-04-03,2.776,2.649,2.827,2.717,3.101,8.856
2025-04-04,2.718,2.643,2.761,2.679,3.035,8.79
2025-04-05,2.718,2.643,2.761,2.679,3.035,8.79
2025-04-06,2.718,2.643,2.761,2.679,3.035,8.79
2025-04-07,2.665,2.596,2.712,2.625,2.986,8.739
2025-04-08,2.683,2.615,2.723,2.638,2.995,8.748
2025-04-09,2.712,2.619,2.74,2.642,3.01,8.764
2025-04-10,2.699,2.621,2.746,2.639,3.017,8.769
2025-04-11,2.684,2.621,2.722,2.624,2.996,8.747
2025-04-12,2.684,2.621,2.722,2.624,2.996,8.747
2025-04-13,2.684,2.621,2.722,2.624,2.996,8.747
2025-04-14,2.692,2.508,2.723,2.625,2.998,8.75
2025-04-15,2.672,2.505,2.709,2.614,2.984,8.739
2025-04-16,2.636,2.5,2.664,2.591,2.941,8.696
2025-04-17,2.65,2.503,2.694,2.602,2.968,8.722
2025-04-18,2.624,2.502,2.665,2.59,2.942,8.695
2025-04-19,2.624,2.502,2.665,2.59,2.942,8.695
2025-04-20,2.624,2.502,2.665,2.59,2.942,8.695
2025-04-21,2.59,2.498,2.642,2.566,2.918,8.671
2025-04-22,2.6,2.5,2.648,2.567,2.923,8.676
2025-04-23,2.597,2.501,2.653,2.568,2.927,8.68
2025-04-24,2.611,2.501,2.657,2.568,2.93,8.685
2025-04-25,2.569,2.5,2.62,2.552,2.901,8.652
2025-04-26,2.569,2.5,2.62,2.552,2.901,8.652
2025-04-27,2.569,2.5,2.62,2.552,2.901,8.652
2025-04-28,2.571,2.497,2.622,2.554,2.909,8.657
2025-04-29,2.577,2.497,2.619,2.551,2.903,8.653
2025-04-30,2.54,2.493,2.584,2.537,2.868,8.62
2025-05-01,2.54,2.493,2.584,2.537,2.868,8.62
2025-05-02,2.558,2.495,2.592,2.54,2.872,8.625
2025-05-03,2.558,2.495,2.592,2.54,2.872,8.625
2025-05-04,2.558,2.495,2.592,2.54,2.872,8.625
2025-05-05,2.558,2.495,2.592,2.54,2.872,8.625
2025-05-06,2.558,2.495,2.592,2.54,2.872,8.625
2025-05-07,2.546,2.493,2.565,2.529,2.846,8.598
2025-05-08,2.559,2.499,2.538,2.536,2.867,8.619
2025-05-09,2.607,2.509,2.582,2.543,2.91,8.663
2025-05-10,2.607,2.509,2.582,2.543,2.91,8.663
2025-05-11,2.607,2.509,2.582,2.543,2.91,8.663
2025-05-12,2.608,2.508,2.583,2.542,2.91,8.662
2025-05-13,2.645,2.519,2.635,2.551,2.939,8.691
2025-05-14,2.633,2.519,2.627,2.52,2.924,8.675
2025-05-15,2.638,2.523,2.635,2.521,2.931,8.681
2025-05-16,2.595,2.519,2.602,2.496,2.896,8.647
2025-05-17,2.595,2.519,2.602,2.496,2.896,8.647
2025-05-18,2.595,2.519,2.602,2.496,2.896,8.647
2025-05-19,2.638,2.522,2.646,2.501,2.935,8.682
2025-05-20,2.61,2.518,2.618,2.484,2.907,8.653
2025-05-21,2.641,2.52,2.634,2.491,2.921,8.669
2025-05-22,2.636,2.52,2.629,2.49,2.917,8.658
2025-05-23,2.646,2.52,2.636,2.489,2.921,8.662
2025-05-24,2.646,2.52,2.636,2.489,2.921,8.662
2025-05-25,2.646,2.52,2.636,2.489,2.921,8.662
2025-05-26,2.648,2.517,2.64,2.486,2.926,8.667
2025-05-27,2.624,2.512,2.631,2.481,2.913,8.656
2025-05-28,2.615,2.509,2.612,2.479,2.893,8.641
2025-05-29,2.645,2.509,2.637,2.487,2.914,8.662
2025-05-30,2.655,2.509,2.645,2.491,2.917,8.669
2025-05-31,2.655,2.509,2.645,2.491,2.917,8.669
2025-06-01,2.655,2.509,2.645,2.491,2.917,8.669
2025-06-02,2.649,2.5,2.647,2.491,2.916,8.671
2025-06-03,2.649,2.5,2.647,2.491,2.916,8.671
2025-06-04,2.71,2.507,2.705,2.511,2.982,8.739
2025-06-05,2.699,2.503,2.699,2.503,2.973,8.732
2025-06-06,2.699,2.503,2.699,2.503,2.973,8.732
2025-06-07,2.699,2.503,2.699,2.503,2.973,8.732
2025-06-08,2.699,2.503,2.699,2.503,2.973,8.732
2025-06-09,2.694,2.493,2.689,2.499,2.96,8.723
2025-06-10,2.695,2.495,2.686,2.502,2.955,8.718
2025-06-11,2.705,2.497,2.712,2.51,2.974,8.741
2025-06-12,2.707,2.496,2.72,2.509,2.972,8.747
2025-06-13,2.723,2.498,2.746,2.519,2.997,8.774
2025-06-14,2.723,2.498,2.746,2.519,2.997,8.774
2025-06-15,2.723,2.498,2.746,2.519,2.997,8.774
2025-06-16,2.753,2.496,2.768,2.524,3.016,8.799
2025-06-17,2.737,2.486,2.736,2.504,2.986,8.77
2025-06-18,2.753,2.489,2.752,2.518,3.0,8.789
2025-06-19,2.76,2.488,2.758,2.521,3.005,8.796
2025-06-20,2.761,2.488,2.749,2.513,2.996,8.79
2025-06-21,2.761,2.488,2.749,2.513,2.996,8.79
2025-06-22,2.761,2.488,2.749,2.513,2.996,8.79
2025-06-23,2.782,2.453,2.776,2.531,3.019,8.817
2025-06-24,2.735,2.447,2.739,2.513,2.983,8.785
2025-06-25,2.735,2.447,2.737,2.514,2.981,8.784
2025-06-26,2.717,2.444,2.725,2.513,2.969,8.773
2025-06-27,2.71,2.443,2.725,2.524,2.967,8.778
2025-06-28,2.71,2.443,2.725,2.524,2.967,8.778
2025-06-29,2.71,2.443,2.725,2.524,2.967,8.778
2025-06-30,2.712,2.442,2.723,2.519,2.963,8.776
2025-07-01,2.699,2.441,2.723,2.508,2.959,8.775
2025-07-02,2.736,2.446,2.747,2.507,2.981,8.799
2025-07-03,2.712,2.438,2.714,2.488,2.952,8.774
2025-07-04,2.735,2.442,2.725,2.493,2.965,8.789
2025-07-05,2.735,2.442,2.725,2.493,2.965,8.789
2025-07-06,2.735,2.442,2.725,2.493,2.965,8.789
2025-07-07,2.745,2.443,2.729,2.49,2.973,8.797
2025-07-08,2.743,2.438,2.724,2.485,2.968,8.792
2025-07-09,2.747,2.431,2.721,2.482,2.967,8.791
2025-07-10,2.708,2.422,2.676,2.466,2.928,8.757
2025-07-11,2.72,2.425,2.68,2.471,2.938,8.766
2025-07-12,2.72,2.425,2.68,2.471,2.938,8.766
2025-07-13,2.72,2.425,2.68,2.471,2.938,8.766
2025-07-14,2.768,2.429,2.702,2.482,2.959,8.786
2025-07-15,2.765,2.426,2.693,2.483,2.953,8.782
2025-07-16,2.765,2.427,2.689,2.485,2.95,8.779
2025-07-17,2.786,2.431,2.706,2.496,2.968,8.796
2025-07-18,2.767,2.43,2.698,2.498,2.961,8.79
2025-07-19,2.767,2.43,2.698,2.498,2.961,8.79
2025-07-20,2.767,2.43,2.698,2.498,2.961,8.79
2025-07-21,2.748,2.415,2.684,2.495,2.948,8.777
2025-07-22,2.741,2.415,2.686,2.499,2.952,8.781
2025-07-23,2.735,2.414,2.682,2.498,2.95,8.779
2025-07-24,2.746,2.415,2.69,2.501,2.96,8.788
2025-07-25,2.756,2.415,2.703,2.503,2.974,8.8
2025-07-26,2.756,2.415,2.703,2.503,2.974,8.8
2025-07-27,2.756,2.415,2.703,2.503,2.974,8.8
2025-07-28,2.735,2.376,2.683,2.499,2.958,8.788
2025-07-29,2.728,2.363,2.678,2.496,2.952,8.781
2025-07-30,2.719,2.361,2.672,2.495,2.946,8.775
2025-07-31,2.716,2.363,2.677,2.5,2.952,8.782
2025-08-01,2.75,2.366,2.694,2.509,2.97,8.8
2025-08-02,2.75,2.366,2.694,2.509,2.97,8.8
2025-08-03,2.75,2.366,2.694,2.509,2.97,8.8
2025-08-04,2.696,2.356,2.639,2.476,2.917,8.746
2025-08-05,2.685,2.357,2.634,2.478,2.917,8.748
2025-08-06,2.691,2.359,2.636,2.481,2.918,8.75
2025-08-07,2.677,2.357,2.616,2.479,2.901,8.735
2025-08-08,2.681,2.358,2.617,2.483,2.902,8.735
2025-08-09,2.681,2.358,2.617,2.483,2.902,8.735
2025-08-10,2.681,2.358,2.617,2.483,2.902,8.735
2025-08-11,2.692,2.363,2.624,2.488,2.909,8.742
2025-08-12,2.706,2.366,2.634,2.495,2.917,8.752
2025-08-13,2.697,2.362,2.625,2.493,2.907,8.745
2025-08-14,2.681,2.361,2.613,2.49,2.896,8.736
2025-08-15,2.681,2.361,2.613,2.49,2.896,8.736
2025-08-16,2.681,2.361,2.613,2.49,2.896,8.736
2025-08-17,2.681,2.361,2.613,2.49,2.896,8.736
2025-08-18,2.716,2.369,2.631,2.499,2.912,8.754
2025-08-19,2.737,2.369,2.646,2.501,2.924,8.766
2025-08-20,2.738,2.367,2.644,2.5,2.923,8.766
2025-08-21,2.738,2.366,2.642,2.499,2.921,8.764
2025-08-22,2.757,2.367,2.653,2.501,2.932,8.775
2025-08-23,2.757,2.367,2.653,2.501,2.932,8.775
2025-08-24,2.757,2.367,2.653,2.501,2.932,8.775
2025-08-25,2.737,2.362,2.635,2.491,2.915,8.758
2025-08-26,2.73,2.357,2.622,2.486,2.902,8.745
2025-08-27,2.708,2.352,2.607,2.481,2.887,8.73
2025-08-28,2.716,2.353,2.616,2.488,2.898,8.739
2025-08-29,2.722,2.355,2.625,2.494,2.906,8.746
2025-08-30,2.722,2.355,2.625,2.494,2.906,8.746
2025-08-31,2.722,2.355,2.625,2.494,2.906,8.746
2025-09-01,2.733,2.358,2.632,2.502,2.913,8.752
2025-09-02,2.749,2.359,2.647,2.507,2.924,8.765
2025-09-03,2.778,2.362,2.669,2.518,2.946,8.788
2025-09-04,2.766,2.361,2.669,2.516,2.943,8.785
2025-09-05,2.75,2.36,2.66,2.512,2.931,8.777
2025-09-06,2.75,2.36,2.66,2.512,2.931,8.777
2025-09-07,2.75,2.36,2.66,2.512,2.931,8.777
2025-09-08,2.738,2.36,2.651,2.512,2.918,8.764
2025-09-09,2.715,2.357,2.632,2.508,2.898,8.746
2025-09-10,2.715,2.355,2.637,2.518,2.902,8.749
2025-09-11,2.709,2.351,2.629,2.512,2.892,8.739
2025-09-12,2.715,2.353,2.638,2.514,2.901,8.749
2025-09-13,2.715,2.353,2.638,2.514,2.901,8.749
2025-09-14,2.715,2.353,2.638,2.514,2.901,8.749
2025-09-15,2.726,2.354,2.648,2.516,2.909,8.756
2025-09-16,2.708,2.348,2.627,2.507,2.885,8.736
2025-09-17,2.702,2.346,2.627,2.513,2.881,8.733
2025-09-18,2.676,2.344,2.615,2.51,2.868,8.719
2025-09-19,2.706,2.351,2.65,2.526,2.898,8.744
2025-09-20,2.706,2.351,2.65,2.526,2.898,8.744
2025-09-21,2.706,2.351,2.65,2.526,2.898,8.744
2025-09-22,2.725,2.354,2.665,2.532,2.912,8.758
2025-09-23,2.727,2.352,2.669,2.535,2.912,8.758
2025-09-24,2.752,2.356,2.693,2.544,2.935,8.782
2025-09-25,2.798,2.362,2.727,2.559,2.969,8.814
2025-09-26,2.843,2.37,2.761,2.583,3.001,8.846
2025-09-27,2.843,2.37,2.761,2.583,3.001,8.846
2025-09-28,2.843,2.37,2.761,2.583,3.001,8.846
2025-09-29,2.856,2.371,2.765,2.584,3.004,8.851
2025-09-30,2.874,2.371,2.779,2.586,3.022,8.868
2025-10-01,2.887,2.372,2.791,2.581,3.033,8.88
2025-10-02,2.87,2.365,2.779,2.565,3.019,8.866
2025-10-03,2.87,2.365,2.779,2.565,3.019,8.866
2025-10-04,2.87,2.365,2.779,2.565,3.019,8.866
2025-10-05,2.87,2.365,2.779,2.565,3.019,8.866
2025-10-06,2.87,2.365,2.779,2.565,3.019,8.866
2025-10-07,2.87,2.365,2.779,2.565,3.019,8.866
2025-10-08,2.87,2.365,2.779,2.565,3.019,8.866
2025-10-09,2.87,2.365,2.779,2.565,3.019,8.866
2025-10-10,2.874,2.365,2.786,2.569,3.026,8.873
2025-10-11,2.874,2.365,2.786,2.569,3.026,8.873
2025-10-12,2.874,2.365,2.786,2.569,3.026,8.873
2025-10-13,2.829,2.355,2.763,2.555,2.995,8.842
2025-10-14,2.804,2.35,2.741,2.547,2.975,8.824
2025-10-15,2.794,2.348,2.728,2.544,2.966,8.816
2025-10-16,2.827,2.357,2.765,2.559,3.004,8.85
2025-10-17,2.807,2.352,2.751,2.549,2.99,8.838
2025-10-18,2.807,2.352,2.751,2.549,2.99,8.838
2025-10-19,2.807,2.352,2.751,2.549,2.99,8.838
2025-10-20,2.824,2.347,2.764,2.556,3.004,8.851
2025-10-21,2.836,2.35,2.789,2.565,3.024,8.872
2025-10-22,2.802,2.34,2.763,2.556,2.999,8.85
2025-10-23,2.844,2.345,2.792,2.576,3.027,8.875
2025-10-24,2.84,2.34,2.779,2.57,3.013,8.864
2025-10-25,2.84,2.34,2.779,2.57,3.013,8.864
2025-10-26,2.84,2.34,2.779,2.57,3.013,8.864
2025-10-27,2.876,2.342,2.805,2.585,3.036,8.888
2025-10-28,2.878,2.345,2.819,2.592,3.047,8.898
2025-10-29,2.923,2.354,2.857,2.613,3.085,8.935
2025-10-30,2.981,2.373,2.911,2.649,3.135,8.985
2025-10-31,2.982,2.372,2.895,2.648,3.122,8.972
2025-11-01,2.982,2.372,2.895,2.648,3.122,8.972
2025-11-02,2.982,2.372,2.895,2.648,3.122,8.972
2025-11-03,3.012,2.383,2.921,2.663,3.147,8.997
2025-11-04,3.005,2.382,2.911,2.665,3.136,8.988
2025-11-05,3.033,2.389,2.941,2.681,3.169,9.017
2025-11-06,3.099,2.406,3.042,2.729,3.232,9.081
2025-11-07,3.144,2.418,3.095,2.76,3.286,9.135
2025-11-08,3.144,2.418,3.095,2.76,3.286,9.135
2025-11-09,3.144,2.418,3.095,2.76,3.286,9.135
2025-11-10,3.143,2.42,3.073,2.757,3.261,9.115
2025-11-11,3.12,2.415,3.049,2.743,3.236,9.092
2025-11-12,3.193,2.444,3.135,2.797,3.331,9.183
2025-11-13,3.204,2.445,3.145,2.804,3.345,9.196
2025-11-14,3.25,2.453,3.169,2.814,3.365,9.219
2025-11-15,3.25,2.453,3.169,2.814,3.365,9.219
2025-11-16,3.25,2.453,3.169,2.814,3.365,9.219
2025-11-17,3.231,2.447,3.144,2.806,3.342,9.193
2025-11-18,3.2,2.438,3.109,2.788,3.309,9.165
2025-11-19,3.202,2.436,3.11,2.788,3.308,9.163
2025-11-20,3.24,2.437,3.141,2.792,3.34,9.191
2025-11-21,3.205,2.424,3.108,2.774,3.308,9.163
2025-11-22,3.205,2.424,3.108,2.774,3.308,9.163
2025-11-23,3.205,2.424,3.108,2.774,3.308,9.163
2025-11-24,3.231,2.424,3.136,2.784,3.338,9.189
2025-11-25,3.225,2.424,3.132,2.782,3.334,9.184
2025-11-26,3.216,2.423,3.128,2.781,3.328,9.179
2025-11-27,3.329,2.471,3.241,2.846,3.446,9.296
2025-11-28,3.311,2.468,3.221,2.841,3.428,9.278
2025-11-29,3.311,2.468,3.221,2.841,3.428,9.278
2025-11-30,3.311,2.468,3.221,2.841,3.428,9.278
2025-12-01,3.365,2.464,3.272,2.863,3.481,9.328
2025-12-02,3.338,2.458,3.251,2.848,3.463,9.314
2025-12-03,3.367,2.465,3.27,2.853,3.484,9.335
2025-12-04,3.351,2.46,3.257,2.845,3.474,9.325
2025-12-05,3.314,2.454,3.229,2.833,3.453,9.303
2025-12-06,3.314,2.454,3.229,2.833,3.453,9.303
2025-12-07,3.314,2.454,3.229,2.833,3.453,9.303
2025-12-08,3.356,2.435,3.241,2.849,3.492,9.338
2025-12-09,3.412,2.448,3.29,2.867,3.545,9.387
2025-12-10,3.444,2.452,3.316,2.877,3.574,9.413
2025-12-11,3.461,2.453,3.327,2.877,3.585,9.423
2025-12-12,3.457,2.451,3.316,2.873,3.582,9.421
2025-12-13,3.457,2.451,3.316,2.873,3.582,9.421
2025-12-14,3.457,2.451,3.316,2.873,3.582,9.421
2025-12-15,3.391,2.386,3.229,2.83,3.499,9.343
2025-12-16,3.391,2.39,3.231,2.828,3.507,9.349
2025-12-17,3.387,2.394,3.23,2.826,3.507,9.347
2025-12-18,3.357,2.388,3.204,2.801,3.484,9.322
2025-12-19,3.401,2.414,3.25,2.825,3.523,9.357
2025-12-20,3.401,2.414,3.25,2.825,3.523,9.357
2025-12-21,3.401,2.414,3.25,2.825,3.523,9.357
2025-12-22,3.404,2.404,3.241,2.818,3.513,9.349
2025-12-23,3.402,2.4,3.224,2.81,3.5,9.334
2025-12-24,3.372,2.398,3.199,2.797,3.475,9.308
2025-12-25,3.372,2.398,3.199,2.797,3.475,9.308
2025-12-26,3.401,2.402,3.217,2.803,3.489,9.323
2025-12-27,3.401,2.402,3.217,2.803,3.489,9.323
2025-12-28,3.401,2.402,3.217,2.803,3.489,9.323
2025-12-29,3.381,2.398,3.2,2.785,3.47,9.306
2025-12-30,3.396,2.404,3.211,2.788,3.476,9.312
2025-12-31,3.396,2.404,3.211,2.788,3.476,9.312
2026-01-01,3.396,2.404,3.211,2.788,3.476,9.312
2026-01-02,3.394,2.401,3.195,2.785,3.459,9.303
2026-01-03,3.394,2.401,3.195,2.785,3.459,9.303
2026-01-04,3.394,2.401,3.195,2.785,3.459,9.303
2026-01-05,3.408,2.415,3.199,2.773,3.457,9.308
2026-01-06,3.41,2.416,3.208,2.763,3.46,9.313
2026-01-07,3.364,2.406,3.175,2.734,3.423,9.286
2026-01-08,3.343,2.406,3.169,2.729,3.418,9.281
2026-01-09,3.369,2.412,3.192,2.735,3.445,9.303
2026-01-10,3.369,2.412,3.192,2.735,3.445,9.303
2026-01-11,3.369,2.412,3.192,2.735,3.445,9.303
2026-01-12,3.385,2.414,3.215,2.737,3.469,9.317
2026-01-13,3.415,2.416,3.236,2.718,3.486,9.333
2026-01-14,3.412,2.414,3.233,2.713,3.481,9.33
2026-01-15,3.489,2.449,3.317,2.747,3.565,9.402
2026-01-16,3.487,2.448,3.314,2.746,3.56,9.398
2026-01-17,3.487,2.448,3.314,2.746,3.56,9.398
2026-01-18,3.487,2.448,3.314,2.746,3.56,9.398
2026-01-19,3.547,2.442,3.356,2.769,3.599,9.435
2026-01-20,3.619,2.45,3.411,2.787,3.653,9.487
2026-01-21,3.59,2.442,3.378,2.785,3.624,9.462
2026-01-22,3.55,2.437,3.365,2.792,3.615,9.454
2026-01-23,3.576,2.443,3.401,2.817,3.644,9.481
2026-01-24,3.576,2.443,3.401,2.817,3.644,9.481
2026-01-25,3.576,2.443,3.401,2.817,3.644,9.481
2026-01-26,3.545,2.435,3.375,2.819,3.611,9.453
2026-01-27,3.546,2.438,3.38,2.862,3.607,9.454
2026-01-28,3.525,2.44,3.366,2.876,3.589,9.439
2026-01-29,3.57,2.45,3.411,2.91,3.626,9.469
2026-01-30,3.596,2.461,3.443,2.938,3.658,9.491
2026-01-31,3.596,2.461,3.443,2.938,3.658,9.491
2026-02-01,3.596,2.461,3.443,2.938,3.658,9.491
2026-02-02,3.597,2.472,3.463,2.948,3.668,9.499
2026-02-03,3.642,2.485,3.497,2.968,3.708,9.536
2026-02-04,3.678,2.491,3.526,2.976,3.731,9.556
2026-02-05,3.657,2.489,3.52,2.974,3.724,9.549
2026-02-06,3.669,2.495,3.552,2.983,3.755,9.571
2026-02-07,3.669,2.495,3.552,2.983,3.755,9.571
2026-02-08,3.669,2.495,3.552,2.983,3.755,9.571
2026-02-09,3.697,2.501,3.586,2.985,3.787,9.6
2026-02-10,3.642,2.495,3.573,2.968,3.759,9.579
2026-02-11,3.628,2.49,3.565,2.959,3.746,9.568
2026-02-12,3.602,2.485,3.529,2.948,3.716,9.542
2026-02-13,3.579,2.482,3.518,2.938,3.705,9.534
2026-02-14,3.579,2.482,3.518,2.938,3.705,9.534
2026-02-15,3.579,2.482,3.518,2.938,3.705,9.534
2026-02-16,3.579,2.482,3.518,2.938,3.705,9.534
2026-02-17,3.579,2.482,3.518,2.938,3.705,9.534
2026-02-18,3.579,2.482,3.518,2.938,3.705,9.534
2026-02-19,3.607,2.486,3.543,2.934,3.735,9.557
2026-02-20,3.587,2.481,3.519,2.906,3.718,9.541
2026-02-21,3.587,2.481,3.519,2.906,3.718,9.541
2026-02-22,3.587,2.481,3.519,2.906,3.718,9.541
2026-02-23,3.597,2.486,3.528,2.9,3.725,9.546
2026-02-24,3.595,2.488,3.53,2.895,3.73,9.552
