Date,US_2Y,US_3Y,US_5Y,US_10Y,US_20Y,US_30Y,DE_2Y,DE_3Y,DE_5Y,DE_10Y,DE_20Y,DE_30Y,GB_2Y,GB_3Y,GB_5Y,GB_10Y,GB_20Y,GB_30Y,JP_2Y,JP_3Y,JP_5Y,JP_10Y,JP_20Y,JP_30Y,CN_2Y,CN_3Y,CN_5Y,CN_10Y,CN_20Y,CN_30Y
2025-02-18,4.304,4.326,4.401,4.551,4.822,4.765,2.128,2.091,2.265,2.4905,2.725,2.74,4.2325,4.017,4.249,4.557,5.069,5.145,0.824,0.901,1.087,1.416,2.055,2.337,1.408,1.382,1.54,1.714,1.974,1.863
2025-02-19,4.271,4.287,4.364,4.534,4.824,4.766,2.168,2.136,2.318,2.549,2.782,2.794,4.2705,4.064,4.303,4.61,5.12,5.195,0.819,0.89,1.073,1.421,2.056,2.327,1.395,1.421,1.516,1.693,1.964,1.858
2025-02-20,4.269,4.276,4.346,4.506,4.782,4.747,2.147,2.116,2.299,2.5335,2.767,2.789,4.267,4.054,4.297,4.6085,5.129,5.2,0.824,0.901,1.08,1.426,2.048,2.323,1.402,1.4,1.541,1.706,1.994,1.862
2025-02-21,4.199,4.207,4.27,4.43,4.712,4.68,2.095,2.059,2.234,2.4625,2.693,2.713,4.228,4.016,4.25,4.5715,5.089,5.164,0.814,0.886,1.054,1.411,2.052,2.334,1.428,1.42,1.572,1.74,2.024,1.884
2025-02-22,4.199,4.207,4.27,4.43,4.712,4.68,2.095,2.059,2.234,2.4625,2.693,2.713,4.228,4.016,4.25,4.5715,5.089,5.164,0.814,0.886,1.054,1.411,2.052,2.334,1.428,1.42,1.572,1.74,2.024,1.884
2025-02-23,4.199,4.207,4.27,4.43,4.712,4.68,2.095,2.059,2.234,2.4625,2.693,2.713,4.228,4.016,4.25,4.5715,5.089,5.164,0.814,0.886,1.054,1.411,2.052,2.334,1.428,1.42,1.572,1.74,2.024,1.884
2025-02-24,4.17,4.173,4.234,4.399,4.687,4.655,2.08,2.045,2.228,2.4695,2.712,2.739,4.224,4.027,4.247,4.564,5.086,5.164,0.814,0.886,1.054,1.411,2.052,2.334,1.43,1.48,1.61,1.78,2.06,1.91
2025-02-25,4.098,4.087,4.13,4.297,4.598,4.556,2.055,2.02,2.208,2.451,2.691,2.717,4.1725,3.968,4.1815,4.509,5.028,5.102,0.795,0.87,1.03,1.37,2.034,2.321,1.43,1.48,1.59,1.77,2.04,1.9
2025-02-26,4.073,4.046,4.083,4.254,4.556,4.508,2.065,2.023,2.2,2.438,2.68,2.703,4.1735,3.9675,4.18,4.501,5.012,5.094,0.795,0.863,1.02,1.355,2.022,2.321,1.43,1.49,1.61,1.76,2.04,1.91
2025-02-27,4.051,4.031,4.078,4.265,4.571,4.537,2.029,1.985,2.162,2.4135,2.669,2.7,4.1715,3.97,4.188,4.511,5.037,5.112,0.811,0.885,1.039,1.381,2.038,2.335,1.42,1.5,1.62,1.77,2.06,1.89
2025-02-28,3.985,3.965,4.01,4.202,4.519,4.484,2.008,1.952,2.133,2.3865,2.65,2.68,4.1745,3.968,4.175,4.4835,5.011,5.092,0.808,0.859,1.004,1.36,2.024,2.344,1.42,1.5,1.61,1.77,2.03,1.89
2025-03-01,3.985,3.965,4.01,4.202,4.519,4.484,2.008,1.952,2.133,2.3865,2.65,2.68,4.1745,3.968,4.175,4.4835,5.011,5.092,0.808,0.859,1.004,1.36,2.024,2.344,1.42,1.5,1.61,1.77,2.03,1.89
2025-03-02,3.985,3.965,4.01,4.202,4.519,4.484,2.008,1.952,2.133,2.3865,2.65,2.68,4.1745,3.968,4.175,4.4835,5.011,5.092,0.808,0.859,1.004,1.36,2.024,2.344,1.42,1.5,1.61,1.77,2.03,1.89
2025-03-03,3.957,3.933,3.966,4.158,4.484,4.452,2.064,2.03,2.214,2.491,2.766,2.798,4.199,4.166,4.249,4.5595,5.044,5.124,0.829,0.887,1.041,1.393,2.043,2.351,1.39,1.48,1.58,1.77,2.0,1.87
2025-03-04,3.982,3.98,4.041,4.241,4.573,4.539,2.01,1.984,2.17,2.4795,2.78,2.822,4.1785,4.1445,4.212,4.5255,5.031,5.122,0.835,0.898,1.063,1.411,2.06,2.358,1.37,1.43,1.57,1.75,2.0,1.88
2025-03-05,4.006,4.011,4.075,4.279,4.609,4.571,2.237,2.227,2.473,2.783,3.039,3.066,4.26,4.258,4.339,4.672,5.175,5.254,0.835,0.9,1.07,1.43,2.091,2.386,1.39,1.48,1.55,1.75,1.99,1.89
2025-03-06,3.964,3.976,4.058,4.279,4.62,4.579,2.272,2.284,2.569,2.8845,3.114,3.121,4.2165,4.2135,4.312,4.6725,5.144,5.222,0.849,0.932,1.123,1.496,2.176,2.462,1.44,1.49,1.57,1.76,2.04,1.91
2025-03-07,3.999,4.008,4.083,4.304,4.646,4.601,2.24,2.245,2.511,2.835,3.086,3.11,4.195,4.1975,4.2805,4.6475,5.122,5.205,0.851,0.927,1.119,1.5,2.206,2.492,1.43,1.54,1.65,1.75,2.09,1.91
2025-03-08,3.999,4.008,4.083,4.304,4.646,4.601,2.24,2.245,2.511,2.835,3.086,3.11,4.195,4.1975,4.2805,4.6475,5.122,5.205,0.851,0.927,1.119,1.5,2.206,2.492,1.43,1.54,1.65,1.75,2.09,1.91
2025-03-09,3.999,4.008,4.083,4.304,4.646,4.601,2.24,2.245,2.511,2.835,3.086,3.11,4.195,4.1975,4.2805,4.6475,5.122,5.205,0.851,0.927,1.119,1.5,2.206,2.492,1.43,1.54,1.65,1.75,2.09,1.91
2025-03-10,3.888,3.894,3.974,4.218,4.58,4.545,2.213,2.221,2.487,2.825,3.084,3.112,4.1925,4.1925,4.2795,4.645,5.134,5.222,0.873,0.961,1.155,1.551,2.27,2.545,1.47,1.56,1.65,1.83,2.11,1.98
2025-03-11,3.948,3.953,4.038,4.281,4.633,4.596,2.197,2.222,2.521,2.872,3.153,3.182,4.169,4.182,4.2855,4.6805,5.183,5.281,0.835,0.919,1.109,1.491,2.235,2.529,1.55,1.62,1.68,1.9,2.14,2.0
2025-03-12,3.988,3.985,4.073,4.315,4.666,4.634,2.227,2.243,2.529,2.8865,3.143,3.171,4.219,4.2185,4.334,4.7245,5.232,5.326,0.845,0.935,1.13,1.505,2.223,2.53,1.58,1.63,1.66,1.91,2.13,2.02
2025-03-13,3.956,3.944,4.026,4.269,4.622,4.591,2.177,2.198,2.485,2.8535,3.138,3.172,4.179,4.18,4.2975,4.682,5.188,5.28,0.859,0.949,1.151,1.523,2.233,2.531,1.55,1.62,1.68,1.91,2.14,2.02
2025-03-14,4.021,4.011,4.092,4.318,4.656,4.625,2.183,2.208,2.5,2.873,3.162,3.198,4.1825,4.1695,4.2865,4.67,5.18,5.268,0.835,0.925,1.123,1.503,2.232,2.535,1.53,1.6,1.67,1.89,2.15,2.04
2025-03-15,4.021,4.011,4.092,4.318,4.656,4.625,2.183,2.208,2.5,2.873,3.162,3.198,4.1825,4.1695,4.2865,4.67,5.18,5.268,0.835,0.925,1.123,1.503,2.232,2.535,1.53,1.6,1.67,1.89,2.15,2.04
2025-03-16,4.021,4.011,4.092,4.318,4.656,4.625,2.183,2.208,2.5,2.873,3.162,3.198,4.1825,4.1695,4.2865,4.67,5.18,5.268,0.835,0.925,1.123,1.503,2.232,2.535,1.53,1.6,1.67,1.89,2.15,2.04
2025-03-17,4.046,4.023,4.09,4.298,4.627,4.591,2.175,2.189,2.457,2.802,3.072,3.1,4.185,4.187,4.285,4.642,5.14,5.22,0.81,0.902,1.1,1.491,2.241,2.546,1.55,1.6,1.71,1.87,2.19,2.08
2025-03-18,4.04,4.014,4.073,4.283,4.624,4.587,2.174,2.191,2.464,2.815,3.098,3.128,4.194,4.189,4.293,4.648,5.147,5.228,0.816,0.901,1.098,1.483,2.221,2.534,1.54,1.6,1.67,1.93,2.22,2.12
2025-03-19,3.974,3.953,4.023,4.246,4.589,4.553,2.189,2.2,2.459,2.798,3.067,3.088,4.197,4.1935,4.292,4.6305,5.136,5.215,0.834,0.916,1.114,1.499,2.231,2.541,1.52,1.63,1.69,1.94,2.22,2.11
2025-03-20,3.964,3.941,4.015,4.24,4.589,4.559,2.166,2.175,2.434,2.7775,3.065,3.088,4.233,4.222,4.3125,4.6495,5.142,5.216,0.834,0.916,1.114,1.499,2.231,2.541,1.49,1.58,1.67,1.92,2.16,2.08
2025-03-21,3.953,3.927,4.006,4.249,4.614,4.591,2.128,2.141,2.403,2.765,3.071,3.102,4.2565,4.252,4.3425,4.712,5.227,5.308,0.849,0.953,1.12,1.505,2.228,2.533,1.5,1.58,1.69,1.9,2.17,2.06
2025-03-22,3.953,3.927,4.006,4.249,4.614,4.591,2.128,2.141,2.403,2.765,3.071,3.102,4.2565,4.252,4.3425,4.712,5.227,5.308,0.849,0.953,1.12,1.505,2.228,2.533,1.5,1.58,1.69,1.9,2.17,2.06
2025-03-23,3.953,3.927,4.006,4.249,4.614,4.591,2.128,2.141,2.403,2.765,3.071,3.102,4.2565,4.252,4.3425,4.712,5.227,5.308,0.849,0.953,1.12,1.505,2.228,2.533,1.5,1.58,1.69,1.9,2.17,2.06
2025-03-24,4.04,4.016,4.097,4.338,4.691,4.666,2.122,2.139,2.404,2.77,3.075,3.099,4.2555,4.2405,4.3375,4.7175,5.239,5.321,0.861,0.966,1.136,1.519,2.233,2.537,1.51,1.52,1.68,1.89,2.16,2.06
2025-03-25,4.016,3.992,4.069,4.316,4.686,4.662,2.132,2.155,2.422,2.793,3.097,3.117,4.294,4.277,4.382,4.7555,5.286,5.368,0.877,0.986,1.171,1.55,2.256,2.542,1.51,1.56,1.67,1.89,2.14,2.02
2025-03-26,4.02,4.015,4.097,4.353,4.729,4.702,2.114,2.145,2.408,2.7895,3.098,3.125,4.2695,4.2425,4.366,4.73,5.234,5.304,0.88,0.992,1.179,1.559,2.25,2.546,1.49,1.54,1.66,1.87,2.12,2.01
2025-03-27,3.994,3.992,4.092,4.36,4.74,4.72,2.065,2.099,2.374,2.7735,3.093,3.122,4.2645,4.249,4.3855,4.788,5.299,5.365,0.884,0.996,1.184,1.563,2.251,2.527,1.44,1.52,1.67,1.87,2.11,2.0
2025-03-28,3.911,3.898,3.98,4.251,4.647,4.63,2.024,2.056,2.326,2.732,3.057,3.089,4.193,4.176,4.298,4.7005,5.217,5.286,0.87,0.971,1.153,1.528,2.222,2.488,1.47,1.51,1.64,1.87,2.13,2.03
2025-03-29,3.911,3.898,3.98,4.251,4.647,4.63,2.024,2.056,2.326,2.732,3.057,3.089,4.193,4.176,4.298,4.7005,5.217,5.286,0.87,0.971,1.153,1.528,2.222,2.488,1.47,1.51,1.64,1.87,2.13,2.03
2025-03-30,3.911,3.898,3.98,4.251,4.647,4.63,2.024,2.056,2.326,2.732,3.057,3.089,4.193,4.176,4.298,4.7005,5.217,5.286,0.87,0.971,1.153,1.528,2.222,2.488,1.47,1.51,1.64,1.87,2.13,2.03
2025-03-31,3.886,3.877,3.954,4.21,4.605,4.577,2.026,2.056,2.306,2.727,3.042,3.07,4.189,4.1705,4.2835,4.676,5.207,5.285,0.835,0.931,1.098,1.469,2.192,2.479,1.45,1.52,1.65,1.87,2.12,2.02
2025-04-01,3.874,3.854,3.914,4.16,4.552,4.518,2.019,2.049,2.3,2.681,2.991,3.014,4.177,4.1505,4.2535,4.633,5.164,5.251,0.855,0.93,1.105,1.483,2.201,2.494,1.52,1.53,1.61,1.87,2.11,2.02
2025-04-02,3.839,3.814,3.873,4.125,4.526,4.495,2.037,2.073,2.332,2.724,3.035,3.061,4.1615,4.1395,4.2535,4.642,5.168,5.248,0.835,0.91,1.082,1.453,2.156,2.439,1.51,1.52,1.64,1.85,2.07,2.0
2025-04-03,3.692,3.66,3.736,4.036,4.495,4.476,1.929,1.964,2.218,2.6405,2.987,3.026,4.0105,3.982,4.101,4.5225,5.093,5.188,0.753,0.822,0.972,1.337,2.078,2.373,1.43,1.48,1.56,1.79,1.99,1.93
2025-04-04,3.641,3.627,3.704,3.999,4.443,4.416,1.822,1.861,2.12,2.5695,2.912,2.955,3.925,3.899,4.01,4.445,5.017,5.112,0.619,0.67,0.781,1.176,1.93,2.293,1.43,1.48,1.56,1.79,1.99,1.93
2025-04-05,3.641,3.627,3.704,3.999,4.443,4.416,1.822,1.861,2.12,2.5695,2.912,2.955,3.925,3.899,4.01,4.445,5.017,5.112,0.619,0.67,0.781,1.176,1.93,2.293,1.43,1.48,1.56,1.79,1.99,1.93
2025-04-06,3.641,3.627,3.704,3.999,4.443,4.416,1.822,1.861,2.12,2.5695,2.912,2.955,3.925,3.899,4.01,4.445,5.017,5.112,0.619,0.67,0.781,1.176,1.93,2.293,1.43,1.48,1.56,1.79,1.99,1.93
2025-04-07,3.785,3.783,3.885,4.201,4.672,4.631,1.76,1.867,2.095,2.598,2.958,2.996,3.981,3.9665,4.1245,4.6205,5.202,5.306,0.584,0.637,0.746,1.128,1.915,2.279,1.43,1.46,1.51,1.67,1.92,1.86
2025-04-08,3.728,3.761,3.917,4.289,4.812,4.76,1.83,1.931,2.164,2.6245,2.977,3.012,3.956,3.959,4.128,4.606,5.228,5.344,0.646,0.725,0.858,1.271,2.099,2.471,1.46,1.51,1.54,1.66,1.96,1.85
2025-04-09,3.91,3.935,4.046,4.325,4.782,4.732,1.72,1.846,2.092,2.5795,2.929,2.964,3.9925,4.0185,4.219,4.7885,5.452,5.593,0.611,0.681,0.84,1.284,2.252,2.653,1.43,1.46,1.51,1.65,1.95,1.85
2025-04-10,3.859,3.914,4.07,4.424,4.905,4.869,1.811,1.905,2.127,2.5815,2.919,2.947,3.896,3.897,4.0695,4.646,5.299,5.421,0.678,0.755,0.914,1.373,2.266,2.611,1.43,1.44,1.5,1.64,1.96,1.86
2025-04-11,3.971,4.016,4.168,4.495,4.94,4.875,1.75,1.854,2.089,2.527,2.832,2.849,4.0545,4.0415,4.2125,4.7525,5.41,5.516,0.616,0.681,0.851,1.349,2.311,2.65,1.39,1.43,1.49,1.65,1.97,1.86
2025-04-12,3.971,4.016,4.168,4.495,4.94,4.875,1.75,1.854,2.089,2.527,2.832,2.849,4.0545,4.0415,4.2125,4.7525,5.41,5.516,0.616,0.681,0.851,1.349,2.311,2.65,1.39,1.43,1.49,1.65,1.97,1.86
2025-04-13,3.971,4.016,4.168,4.495,4.94,4.875,1.75,1.854,2.089,2.527,2.832,2.849,4.0545,4.0415,4.2125,4.7525,5.41,5.516,0.616,0.681,0.851,1.349,2.311,2.871,1.39,1.43,1.49,1.65,1.97,1.86
2025-04-14,3.851,3.877,4.017,4.383,4.852,4.812,1.775,1.867,2.088,2.521,2.849,2.874,4.0105,3.9915,4.151,4.6635,5.288,5.381,0.59,0.657,0.815,1.342,2.372,2.738,1.41,1.45,1.49,1.65,1.96,1.87
2025-04-15,3.85,3.86,3.987,4.339,4.826,4.786,1.766,1.87,2.099,2.544,2.887,2.914,3.9575,3.9395,4.1055,4.649,5.317,5.423,0.64,0.717,0.885,1.367,2.329,2.731,1.42,1.46,1.5,1.65,1.96,1.85
2025-04-16,3.775,3.776,3.908,4.28,4.78,4.741,1.737,1.836,2.053,2.502,2.863,2.898,3.9625,3.9275,4.088,4.606,5.255,5.357,0.616,0.685,0.84,1.295,2.265,2.645,1.42,1.46,1.49,1.64,1.95,1.85
2025-04-17,3.799,3.799,3.941,4.332,4.84,4.808,1.675,1.786,2.012,2.4645,2.84,2.879,3.912,3.8815,4.0395,4.5715,5.225,5.337,0.655,0.717,0.868,1.316,2.257,2.615,1.45,1.46,1.49,1.64,1.95,1.87
2025-04-18,3.799,3.799,3.941,4.332,4.84,4.808,1.675,1.786,2.012,2.4645,2.84,2.879,3.912,3.8815,4.0395,4.5715,5.225,5.337,0.64,0.699,0.842,1.292,2.269,2.651,1.45,1.48,1.5,1.65,1.97,1.9
2025-04-19,3.799,3.799,3.941,4.332,4.84,4.808,1.675,1.786,2.012,2.4645,2.84,2.879,3.912,3.8815,4.0395,4.5715,5.225,5.337,0.64,0.699,0.842,1.292,2.269,2.651,1.45,1.48,1.5,1.65,1.97,1.9
2025-04-20,3.799,3.799,3.941,4.332,4.84,4.808,1.675,1.786,2.012,2.4645,2.84,2.879,3.912,3.8815,4.0395,4.5715,5.225,5.337,0.64,0.699,0.842,1.292,2.269,2.744,1.45,1.48,1.5,1.65,1.97,1.9
2025-04-21,3.768,3.79,3.979,4.416,4.947,4.906,1.675,1.786,2.012,2.4645,2.84,2.879,3.912,3.8815,4.0395,4.5715,5.225,5.337,0.649,0.707,0.848,1.292,2.294,2.679,1.46,1.48,1.51,1.66,1.97,1.91
2025-04-22,3.82,3.83,3.992,4.4,4.91,4.88,1.653,1.757,1.979,2.439,2.807,2.869,3.8265,3.807,3.9795,4.543,5.249,5.369,0.669,0.729,0.876,1.313,2.271,2.674,1.46,1.49,1.51,1.65,1.96,1.89
2025-04-23,3.868,3.879,4.017,4.384,4.856,4.825,1.73,1.828,2.043,2.4935,2.864,2.926,3.918,3.8925,4.044,4.5555,5.214,5.315,0.69,0.755,0.902,1.33,2.227,2.627,1.47,1.49,1.52,1.66,1.98,1.89
2025-04-24,3.791,3.793,3.931,4.314,4.797,4.774,1.673,1.768,1.981,2.442,2.822,2.885,3.8665,3.8365,3.9875,4.499,5.143,5.24,0.667,0.736,0.88,1.319,2.219,2.629,1.47,1.51,1.53,1.66,1.98,1.93
2025-04-25,3.755,3.747,3.876,4.254,4.737,4.72,1.73,1.811,2.02,2.473,2.847,2.909,3.8535,3.8265,3.971,4.481,5.122,5.217,0.687,0.752,0.9,1.337,2.244,2.643,1.48,1.51,1.54,1.66,1.97,1.9
2025-04-26,3.755,3.747,3.876,4.254,4.737,4.72,1.73,1.811,2.02,2.473,2.847,2.909,3.8535,3.8265,3.971,4.481,5.122,5.217,0.687,0.752,0.9,1.337,2.244,2.643,1.48,1.51,1.54,1.66,1.97,1.9
2025-04-27,3.755,3.747,3.876,4.254,4.737,4.72,1.73,1.811,2.02,2.473,2.847,2.909,3.8535,3.8265,3.971,4.481,5.122,5.217,0.687,0.752,0.9,1.337,2.244,2.705,1.48,1.52,1.54,1.66,1.97,1.93
2025-04-28,3.686,3.674,3.807,4.205,4.704,4.681,1.736,1.822,2.042,2.5065,2.889,2.953,3.8645,3.8435,3.984,4.505,5.165,5.269,0.684,0.748,0.894,1.32,2.235,2.639,1.48,1.52,1.54,1.65,1.95,1.89
2025-04-29,3.654,3.644,3.768,4.171,4.668,4.647,1.737,1.821,2.036,2.492,2.881,2.94,3.8375,3.8195,3.954,4.481,5.135,5.244,0.684,0.748,0.894,1.32,2.235,2.707,1.46,1.5,1.53,1.63,1.91,1.86
2025-04-30,3.611,3.601,3.732,4.167,4.699,4.684,1.691,1.769,1.982,2.44,2.83,2.892,3.7955,3.7735,3.913,4.438,5.098,5.205,0.675,0.74,0.887,1.316,2.224,2.636,1.45,1.49,1.5,1.62,1.91,1.86
2025-05-01,3.696,3.68,3.798,4.215,4.733,4.72,1.691,1.769,1.982,2.44,2.83,2.892,3.8245,3.8025,3.944,4.484,5.153,5.266,0.628,0.695,0.843,1.281,2.22,2.656,1.45,1.49,1.5,1.62,1.91,1.86
2025-05-02,3.823,3.807,3.916,4.307,4.804,4.788,1.762,1.847,2.066,2.52,2.913,2.977,3.855,3.8345,3.977,4.5,5.174,5.305,0.612,0.673,0.825,1.27,2.24,2.691,1.45,1.49,1.5,1.62,1.91,1.86
2025-05-03,3.823,3.807,3.916,4.307,4.804,4.788,1.762,1.847,2.066,2.52,2.913,2.977,3.855,3.8345,3.977,4.5,5.174,5.305,0.612,0.673,0.825,1.27,2.24,2.691,1.45,1.49,1.5,1.62,1.91,1.86
2025-05-04,3.823,3.807,3.916,4.307,4.804,4.788,1.762,1.847,2.066,2.52,2.913,2.977,3.855,3.8345,3.977,4.5,5.174,5.305,0.612,0.673,0.825,1.27,2.24,2.759,1.45,1.49,1.5,1.62,1.91,1.86
2025-05-05,3.839,3.819,3.944,4.348,4.849,4.837,1.765,1.847,2.061,2.518,2.924,2.992,3.855,3.8345,3.977,4.5,5.174,5.305,0.612,0.673,0.825,1.27,2.24,2.762,1.45,1.49,1.5,1.62,1.91,1.86
2025-05-06,3.783,3.753,3.891,4.298,4.815,4.8,1.749,1.837,2.059,2.5315,2.949,3.019,3.815,3.8015,3.969,4.512,5.185,5.312,0.612,0.673,0.825,1.27,2.24,2.903,1.45,1.48,1.51,1.63,1.91,1.88
2025-05-07,3.78,3.744,3.864,4.268,4.78,4.77,1.718,1.799,2.014,2.474,2.882,2.941,3.8,3.7845,3.9315,4.4595,5.124,5.252,0.611,0.687,0.846,1.301,2.307,2.78,1.44,1.48,1.5,1.64,1.94,1.9
2025-05-08,3.879,3.863,3.987,4.379,4.867,4.845,1.764,1.846,2.059,2.5175,2.934,2.993,3.9265,3.9015,4.0285,4.5485,5.2,5.326,0.62,0.698,0.866,1.33,2.318,2.779,1.43,1.44,1.48,1.63,1.93,1.9
2025-05-09,3.888,3.877,4.0,4.381,4.862,4.835,1.783,1.868,2.089,2.551,2.967,3.025,3.8975,3.8735,4.023,4.565,5.221,5.343,0.63,0.715,0.88,1.356,2.351,2.804,1.41,1.46,1.48,1.63,1.93,1.89
2025-05-10,3.888,3.877,4.0,4.381,4.862,4.835,1.783,1.868,2.089,2.551,2.967,3.025,3.8975,3.8735,4.023,4.565,5.221,5.343,0.63,0.715,0.88,1.356,2.351,2.804,1.41,1.46,1.48,1.63,1.93,1.89
2025-05-11,3.888,3.877,4.0,4.381,4.862,4.835,1.783,1.868,2.089,2.551,2.967,3.025,3.8975,3.8735,4.023,4.565,5.221,5.343,0.63,0.715,0.88,1.356,2.351,2.994,1.41,1.46,1.48,1.63,1.93,1.89
2025-05-12,4.008,4.005,4.109,4.472,4.933,4.904,1.919,2.0,2.218,2.642,3.041,3.088,3.9985,3.9865,4.1255,4.6425,5.277,5.391,0.66,0.74,0.915,1.392,2.387,2.838,1.43,1.45,1.5,1.65,1.94,1.89
2025-05-13,4.002,3.989,4.098,4.47,4.942,4.909,1.93,2.014,2.241,2.675,3.085,3.138,3.9765,3.9835,4.127,4.671,5.309,5.426,0.714,0.801,0.98,1.443,2.352,2.78,1.42,1.45,1.54,1.66,1.96,1.88
2025-05-14,4.058,4.055,4.171,4.541,5.003,4.975,1.934,2.027,2.262,2.692,3.094,3.157,4.0155,4.032,4.1785,4.72,5.352,5.476,0.708,0.795,0.97,1.448,2.365,2.971,1.43,1.47,1.56,1.67,1.97,1.88
2025-05-15,3.953,3.938,4.048,4.431,4.916,4.891,1.878,1.965,2.194,2.625,3.027,3.089,3.972,3.988,4.1365,4.651,5.295,5.4,0.719,0.818,1.0,1.475,2.396,2.965,1.44,1.47,1.55,1.67,1.96,1.88
2025-05-16,3.991,3.967,4.069,4.443,4.929,4.903,1.846,1.929,2.151,2.586,2.989,3.053,3.996,3.9955,4.1375,4.653,5.271,5.399,0.71,0.792,0.98,1.448,2.377,2.965,1.47,1.49,1.55,1.66,1.99,1.88
2025-05-17,3.991,3.967,4.069,4.443,4.929,4.903,1.846,1.929,2.151,2.586,2.989,3.053,3.996,3.9955,4.1375,4.653,5.271,5.399,0.71,0.792,0.98,1.448,2.377,2.965,1.47,1.49,1.55,1.66,1.99,1.88
2025-05-18,3.991,3.967,4.069,4.443,4.929,4.903,1.846,1.929,2.151,2.586,2.989,3.053,3.996,3.9955,4.1375,4.653,5.271,5.399,0.716,0.803,0.992,1.467,2.402,2.969,1.47,1.49,1.55,1.66,1.99,1.88
2025-05-19,3.971,3.947,4.06,4.447,4.934,4.905,1.833,1.916,2.137,2.576,2.977,3.044,4.0005,4.0065,4.1545,4.653,5.301,5.408,0.72,0.809,0.999,1.479,2.412,3.093,1.46,1.49,1.57,1.67,1.96,1.86
2025-05-20,3.969,3.948,4.069,4.483,4.989,4.963,1.837,1.918,2.144,2.599,3.019,3.094,4.0435,4.053,4.1935,4.698,5.343,5.454,0.724,0.814,1.008,1.51,2.529,3.146,1.47,1.5,1.56,1.67,1.96,1.87
2025-05-21,4.019,4.014,4.158,4.595,5.116,5.084,1.862,1.952,2.185,2.642,3.07,3.147,4.0705,4.0865,4.2385,4.751,5.403,5.518,0.718,0.811,0.997,1.51,2.524,3.182,1.46,1.48,1.54,1.66,1.96,1.88
2025-05-22,3.989,3.965,4.09,4.528,5.052,5.039,1.823,1.921,2.168,2.6375,3.079,3.16,4.027,4.0395,4.197,4.746,5.425,5.549,0.735,0.833,1.031,1.556,2.563,3.056,1.47,1.49,1.56,1.69,1.98,1.89
2025-05-23,3.991,3.959,4.077,4.507,5.036,5.03,1.761,1.858,2.102,2.574,3.03,3.111,3.9705,3.977,4.132,4.677,5.36,5.48,0.73,0.831,1.033,1.538,2.524,3.056,1.46,1.47,1.54,1.67,1.96,1.89
2025-05-24,3.991,3.959,4.077,4.507,5.036,5.03,1.761,1.858,2.102,2.574,3.03,3.111,3.9705,3.977,4.132,4.677,5.36,5.48,0.73,0.831,1.033,1.538,2.524,3.056,1.46,1.47,1.54,1.67,1.96,1.89
2025-05-25,3.991,3.959,4.077,4.559,5.036,5.03,1.761,1.858,2.102,2.574,3.03,3.111,3.9705,3.977,4.132,4.677,5.36,5.48,0.717,0.823,1.019,1.524,2.514,3.048,1.46,1.47,1.54,1.67,1.96,1.89
2025-05-26,3.995,3.959,4.081,4.511,5.037,5.031,1.782,1.87,2.101,2.5595,2.998,3.076,3.9705,3.977,4.132,4.677,5.373,5.48,0.724,0.817,1.013,1.501,2.495,2.85,1.46,1.49,1.57,1.69,1.98,1.88
2025-05-27,3.975,3.928,4.032,4.445,4.961,4.949,1.786,1.868,2.092,2.533,2.949,3.02,4.013,4.018,4.1525,4.67,5.32,5.441,0.734,0.821,1.002,1.463,2.359,2.909,1.46,1.48,1.54,1.67,1.96,1.9
2025-05-28,3.991,3.958,4.061,4.474,4.992,4.972,1.793,1.877,2.1,2.547,2.965,3.041,4.0715,4.066,4.202,4.718,5.364,5.477,0.752,0.848,1.043,1.51,2.406,2.99,1.46,1.48,1.52,1.71,1.99,1.9
2025-05-29,3.938,3.903,3.999,4.425,4.941,4.924,1.768,1.851,2.073,2.512,2.928,3.01,3.9905,3.986,4.1245,4.652,5.282,5.402,0.756,0.84,1.035,1.516,2.447,2.974,1.47,1.49,1.57,1.71,1.99,1.92
2025-05-30,3.898,3.858,3.959,4.397,4.928,4.923,1.782,1.857,2.072,2.508,2.92,3.002,4.0165,4.01,4.141,4.64,5.267,5.366,0.748,0.821,1.016,1.497,2.412,2.974,1.47,1.49,1.55,1.7,1.99,1.89
2025-05-31,3.898,3.858,3.959,4.397,4.928,4.923,1.782,1.857,2.072,2.508,2.92,3.002,4.0165,4.01,4.141,4.64,5.267,5.366,0.748,0.821,1.016,1.497,2.412,2.974,1.47,1.49,1.55,1.7,1.99,1.89
2025-06-01,3.898,3.858,3.959,4.397,4.928,4.923,1.782,1.857,2.072,2.508,2.92,3.002,4.0165,4.01,4.141,4.64,5.267,5.366,0.748,0.821,1.016,1.497,2.412,2.931,1.47,1.49,1.55,1.7,1.99,1.89
2025-06-02,3.936,3.9,4.003,4.441,4.972,4.965,1.788,1.867,2.083,2.5225,2.94,3.031,4.0235,4.02,4.1615,4.662,5.3,5.407,0.756,0.829,1.03,1.5,2.405,2.925,1.47,1.49,1.55,1.7,1.99,1.89
2025-06-03,3.955,3.922,4.025,4.457,4.989,4.983,1.772,1.85,2.063,2.504,2.924,3.019,4.0285,4.0175,4.142,4.638,5.258,5.369,0.758,0.824,1.023,1.479,2.402,2.951,1.47,1.48,1.55,1.7,1.97,1.89
2025-06-04,3.868,3.828,3.924,4.356,4.884,4.88,1.788,1.869,2.088,2.521,2.929,3.018,4.0035,3.98,4.113,4.594,5.213,5.311,0.765,0.838,1.041,1.497,2.419,2.891,1.46,1.47,1.55,1.7,1.98,1.89
2025-06-05,3.919,3.891,3.989,4.389,4.895,4.88,1.872,1.954,2.175,2.5865,2.968,3.052,4.012,3.997,4.122,4.609,5.22,5.322,0.758,0.814,1.009,1.457,2.363,2.871,1.44,1.46,1.54,1.68,1.98,1.89
2025-06-06,4.036,4.019,4.118,4.505,4.992,4.964,1.869,1.944,2.161,2.562,2.936,3.013,4.012,4.019,4.1505,4.644,5.24,5.344,0.766,0.826,1.013,1.45,2.345,2.871,1.43,1.44,1.54,1.69,1.97,1.88
2025-06-07,4.036,4.019,4.118,4.505,4.992,4.964,1.869,1.944,2.161,2.562,2.936,3.013,4.012,4.019,4.1505,4.644,5.24,5.344,0.766,0.826,1.013,1.45,2.345,2.871,1.43,1.44,1.54,1.69,1.97,1.88
2025-06-08,4.036,4.019,4.118,4.505,4.992,4.964,1.869,1.944,2.161,2.562,2.936,3.013,4.012,4.019,4.1505,4.644,5.24,5.344,0.766,0.826,1.013,1.45,2.345,2.875,1.43,1.44,1.54,1.69,1.97,1.88
2025-06-09,4.002,3.98,4.08,4.475,4.964,4.94,1.863,1.939,2.158,2.5695,2.956,3.034,3.998,3.997,4.1315,4.624,5.23,5.322,0.779,0.843,1.033,1.469,2.37,2.909,1.43,1.44,1.53,1.68,1.95,1.87
2025-06-10,4.022,3.997,4.088,4.473,4.96,4.931,1.849,1.924,2.129,2.531,2.917,2.993,3.9115,3.909,4.0435,4.546,5.148,5.259,0.773,0.837,1.03,1.474,2.393,2.912,1.43,1.45,1.52,1.68,1.94,1.86
2025-06-11,3.95,3.915,4.018,4.419,4.927,4.914,1.845,1.922,2.13,2.5385,2.944,3.026,3.9045,3.908,4.0405,4.549,5.166,5.276,0.759,0.827,1.018,1.455,2.384,2.898,1.42,1.44,1.53,1.68,1.93,1.85
2025-06-12,3.911,3.873,3.971,4.364,4.859,4.844,1.806,1.878,2.078,2.478,2.875,2.954,3.8625,3.8575,3.9845,4.474,5.091,5.194,0.758,0.826,1.013,1.453,2.398,2.884,1.42,1.44,1.52,1.66,1.92,1.85
2025-06-13,3.949,3.906,4.005,4.406,4.914,4.899,1.854,1.927,2.136,2.536,2.928,3.005,3.9395,3.934,4.0625,4.558,5.156,5.266,0.739,0.786,0.965,1.403,2.362,2.884,1.41,1.43,1.54,1.68,1.93,1.85
2025-06-14,3.949,3.906,4.005,4.406,4.914,4.899,1.854,1.927,2.136,2.536,2.928,3.005,3.9395,3.934,4.0625,4.558,5.156,5.266,0.739,0.786,0.965,1.403,2.362,2.884,1.41,1.43,1.54,1.68,1.93,1.85
2025-06-15,3.949,3.906,4.005,4.406,4.914,4.899,1.854,1.927,2.136,2.536,2.928,3.005,3.9395,3.934,4.0625,4.558,5.156,5.266,0.739,0.786,0.965,1.403,2.362,2.899,1.41,1.43,1.54,1.68,1.93,1.85
2025-06-16,3.971,3.931,4.034,4.448,4.972,4.959,1.837,1.912,2.12,2.5285,2.925,3.008,3.9015,3.896,4.0345,4.543,5.147,5.27,0.761,0.827,1.011,1.449,2.388,2.945,1.4,1.43,1.54,1.62,1.92,1.85
2025-06-17,3.944,3.894,3.985,4.386,4.903,4.89,1.862,1.931,2.138,2.5345,2.923,3.003,3.9255,3.919,4.049,4.54,5.175,5.275,0.768,0.836,1.03,1.474,2.4,2.93,1.39,1.4,1.52,1.64,1.91,1.85
2025-06-18,3.938,3.891,3.985,4.39,4.905,4.89,1.841,1.901,2.102,2.4985,2.879,2.966,3.8865,3.879,4.0045,4.502,5.121,5.239,0.745,0.81,1.004,1.454,2.39,2.916,1.37,1.38,1.5,1.64,1.89,1.85
2025-06-19,3.924,3.876,3.971,4.385,4.902,4.887,1.839,1.908,2.12,2.5185,2.898,2.986,3.9005,3.895,4.0265,4.535,5.155,5.271,0.724,0.775,0.958,1.413,2.367,2.885,1.37,1.39,1.5,1.64,1.88,1.85
2025-06-20,3.904,3.858,3.959,4.376,4.901,4.889,1.842,1.911,2.115,2.513,2.895,2.987,3.9125,3.907,4.0385,4.524,5.162,5.264,0.722,0.795,0.95,1.397,2.364,2.885,1.37,1.39,1.5,1.64,1.87,1.84
2025-06-21,3.904,3.858,3.959,4.376,4.901,4.889,1.842,1.911,2.115,2.513,2.895,2.987,3.9125,3.907,4.0385,4.524,5.162,5.264,0.722,0.795,0.95,1.397,2.364,2.885,1.37,1.39,1.5,1.64,1.87,1.84
2025-06-22,3.904,3.858,3.959,4.376,4.901,4.889,1.842,1.911,2.115,2.513,2.895,2.987,3.9125,3.907,4.0385,4.524,5.162,5.264,0.722,0.795,0.95,1.397,2.364,2.926,1.37,1.39,1.5,1.64,1.87,1.84
2025-06-23,3.862,3.807,3.909,4.341,4.878,4.872,1.836,1.901,2.107,2.505,2.888,2.979,3.8795,3.875,4.0045,4.491,5.106,5.21,0.734,0.81,0.961,1.407,2.351,2.923,1.37,1.4,1.5,1.64,1.87,1.84
2025-06-24,3.82,3.758,3.86,4.294,4.839,4.835,1.844,1.914,2.122,2.533,2.935,3.033,3.8645,3.858,3.9875,4.465,5.102,5.203,0.734,0.81,0.964,1.416,2.354,2.895,1.38,1.35,1.48,1.64,1.88,1.84
2025-06-25,3.78,3.748,3.848,4.29,4.834,4.831,1.842,1.922,2.14,2.5615,2.966,3.066,3.8525,3.838,3.9765,4.456,5.126,5.209,0.722,0.798,0.951,1.398,2.332,2.904,1.38,1.4,1.51,1.64,1.89,1.86
2025-06-26,3.718,3.683,3.795,4.245,4.803,4.802,1.816,1.897,2.125,2.564,2.985,3.087,3.815,3.806,3.9455,4.469,5.139,5.251,0.726,0.811,0.966,1.415,2.33,2.912,1.37,1.41,1.51,1.65,1.89,1.85
2025-06-27,3.744,3.713,3.826,4.274,4.833,4.832,1.861,1.942,2.167,2.597,2.996,3.093,3.8355,3.825,3.965,4.5,5.157,5.272,0.748,0.816,0.978,1.428,2.341,2.912,1.36,1.39,1.5,1.64,1.89,1.85
2025-06-28,3.744,3.713,3.826,4.274,4.833,4.832,1.861,1.942,2.167,2.597,2.996,3.093,3.8355,3.825,3.965,4.5,5.157,5.272,0.748,0.816,0.978,1.428,2.341,2.912,1.36,1.39,1.5,1.64,1.89,1.85
2025-06-29,3.744,3.713,3.826,4.274,4.833,4.832,1.861,1.942,2.167,2.597,2.996,3.093,3.8355,3.825,3.965,4.5,5.157,5.272,0.748,0.816,0.978,1.428,2.341,2.905,1.36,1.39,1.5,1.64,1.89,1.85
2025-06-30,3.726,3.692,3.8,4.231,4.778,4.778,1.853,1.934,2.159,2.596,3.003,3.106,3.8115,3.798,3.945,4.484,5.157,5.275,0.749,0.819,0.981,1.429,2.357,2.873,1.37,1.39,1.5,1.65,1.89,1.86
2025-07-01,3.771,3.741,3.832,4.241,4.768,4.762,1.84,1.918,2.141,2.567,2.967,3.064,3.828,3.801,3.9355,4.443,5.114,5.213,0.739,0.807,0.965,1.395,2.331,2.89,1.37,1.39,1.5,1.64,1.91,1.86
2025-07-02,3.79,3.765,3.867,4.282,4.811,4.804,1.859,1.946,2.181,2.618,3.015,3.111,3.8765,3.877,4.038,4.611,5.295,5.43,0.746,0.814,0.973,1.43,2.337,2.949,1.36,1.39,1.49,1.64,1.89,1.85
2025-07-03,3.885,3.844,3.938,4.346,4.864,4.861,1.834,1.916,2.145,2.5795,2.983,3.082,3.833,3.8215,3.9765,4.547,5.22,5.346,0.749,0.826,0.986,1.447,2.366,2.883,1.36,1.38,1.48,1.64,1.89,1.85
2025-07-04,3.885,3.844,3.938,4.328,4.864,4.861,1.813,1.895,2.125,2.566,2.978,3.082,3.852,3.841,3.993,4.547,5.226,5.336,0.736,0.811,0.973,1.442,2.376,2.883,1.35,1.38,1.49,1.64,1.89,1.85
2025-07-05,3.885,3.844,3.938,4.328,4.864,4.861,1.813,1.895,2.125,2.566,2.978,3.082,3.852,3.841,3.993,4.547,5.226,5.336,0.736,0.811,0.973,1.442,2.376,2.883,1.35,1.38,1.49,1.64,1.89,1.85
2025-07-06,3.885,3.844,3.938,4.328,4.864,4.861,1.813,1.895,2.125,2.566,2.978,3.082,3.852,3.841,3.993,4.547,5.226,5.336,0.736,0.811,0.973,1.442,2.376,2.981,1.35,1.38,1.49,1.64,1.89,1.85
2025-07-07,3.896,3.856,3.958,4.382,4.915,4.916,1.841,1.93,2.162,2.607,3.019,3.123,3.872,3.859,4.018,4.577,5.274,5.388,0.734,0.82,0.973,1.455,2.431,3.06,1.36,1.392,1.498,1.651,1.904,1.866
2025-07-08,3.909,3.874,3.987,4.417,4.945,4.946,1.867,1.96,2.196,2.643,3.06,3.167,3.877,3.869,4.047,4.632,5.33,5.456,0.735,0.821,0.984,1.49,2.512,3.063,1.37,1.395,1.505,1.655,1.899,1.872
2025-07-09,3.862,3.826,3.92,4.342,4.873,4.875,1.859,1.95,2.187,2.632,3.062,3.163,3.876,3.863,4.038,4.601,5.296,5.415,0.756,0.841,1.029,1.504,2.511,3.068,1.381,1.403,1.511,1.649,1.895,1.87
2025-07-10,3.868,3.835,3.931,4.346,4.859,4.862,1.892,1.977,2.22,2.662,3.102,3.2,3.87,3.869,4.031,4.595,5.286,5.409,0.756,0.836,1.022,1.495,2.511,3.047,1.394,1.413,1.524,1.663,1.909,1.88
2025-07-11,3.914,3.885,3.992,4.423,4.953,4.957,1.905,1.995,2.238,2.686,3.129,3.227,3.878,3.881,4.051,4.63,5.318,5.444,0.765,0.846,1.033,1.501,2.504,3.047,1.405,1.422,1.531,1.67,1.919,1.888
2025-07-12,3.914,3.885,3.992,4.423,4.953,4.957,1.905,1.995,2.238,2.686,3.129,3.227,3.878,3.881,4.051,4.63,5.318,5.444,0.765,0.846,1.033,1.501,2.504,3.047,1.405,1.422,1.531,1.67,1.919,1.888
2025-07-13,3.914,3.885,3.992,4.423,4.953,4.957,1.905,1.995,2.238,2.686,3.129,3.227,3.878,3.881,4.051,4.63,5.318,5.444,0.765,0.846,1.033,1.501,2.504,3.15,1.405,1.422,1.531,1.67,1.919,1.888
2025-07-14,3.898,3.871,3.983,4.427,4.97,4.973,1.877,1.978,2.282,2.732,3.15,3.255,3.822,3.834,4.019,4.593,5.305,5.427,0.781,0.874,1.075,1.574,2.625,3.15,1.414,1.435,1.544,1.672,1.925,1.888
2025-07-15,3.959,3.935,4.052,4.489,5.022,5.018,1.867,1.967,2.268,2.715,3.135,3.236,3.837,3.854,4.036,4.624,5.331,5.464,0.786,0.879,1.082,1.588,2.63,3.032,1.421,1.436,1.54,1.68,1.926,1.892
2025-07-16,3.885,3.86,3.985,4.455,5.012,5.015,1.828,1.921,2.228,2.692,3.119,3.234,3.867,3.86,4.049,4.64,5.347,5.47,0.786,0.877,1.08,1.572,2.578,3.082,1.4,1.415,1.53,1.662,1.908,1.875
2025-07-17,3.917,3.89,4.006,4.463,5.014,5.014,1.84,1.934,2.227,2.675,3.097,3.209,3.911,3.913,4.091,4.675,5.36,5.501,0.785,0.875,1.074,1.559,2.572,3.082,1.399,1.418,1.529,1.662,1.909,1.873
2025-07-18,3.875,3.844,3.961,4.431,4.993,4.999,1.852,1.944,2.237,2.691,3.115,3.23,3.91,3.916,4.093,4.672,5.388,5.511,0.767,0.847,1.044,1.522,2.53,3.082,1.396,1.418,1.529,1.674,1.916,1.886
2025-07-19,3.875,3.844,3.961,4.431,4.993,4.999,1.852,1.944,2.237,2.691,3.115,3.23,3.91,3.916,4.093,4.672,5.388,5.511,0.767,0.847,1.044,1.522,2.53,3.082,1.396,1.418,1.529,1.674,1.916,1.886
2025-07-20,3.875,3.844,3.961,4.431,4.993,4.999,1.852,1.944,2.237,2.691,3.115,3.23,3.91,3.916,4.093,4.672,5.388,5.511,0.767,0.847,1.044,1.522,2.53,3.067,1.396,1.418,1.529,1.674,1.916,1.886
2025-07-21,3.852,3.805,3.908,4.37,4.929,4.937,1.81,1.893,2.171,2.618,3.039,3.149,3.862,3.87,4.039,4.603,5.312,5.432,0.772,0.847,1.043,1.519,2.525,3.087,1.399,1.424,1.54,1.682,1.927,1.893
2025-07-22,3.831,3.777,3.876,4.336,4.892,4.903,1.795,1.873,2.149,2.588,3.014,3.122,3.848,3.84,4.001,4.57,5.28,5.404,0.753,0.836,1.023,1.503,2.536,3.129,1.396,1.423,1.559,1.69,1.953,1.914
2025-07-23,3.884,3.833,3.936,4.388,4.937,4.949,1.796,1.877,2.155,2.6,3.03,3.141,3.895,3.89,4.053,4.642,5.36,5.496,0.829,0.921,1.12,1.595,2.604,3.086,1.415,1.442,1.568,1.704,1.966,1.924
2025-07-24,3.925,3.873,3.971,4.408,4.942,4.949,1.909,1.992,2.274,2.694,3.104,3.196,3.87,3.862,4.034,4.621,5.339,5.462,0.845,0.935,1.135,1.6,2.584,3.06,1.457,1.479,1.606,1.74,1.989,1.955
2025-07-25,3.917,3.863,3.952,4.386,4.922,4.929,1.93,2.017,2.298,2.716,3.124,3.213,3.886,3.883,4.055,4.624,5.337,5.438,0.86,0.947,1.149,1.603,2.561,3.06,1.464,1.48,1.595,1.736,2.011,1.962
2025-07-26,3.917,3.863,3.952,4.386,4.922,4.929,1.93,2.017,2.298,2.716,3.124,3.213,3.886,3.883,4.055,4.624,5.337,5.438,0.86,0.947,1.149,1.603,2.561,3.06,1.464,1.48,1.595,1.736,2.011,1.962
2025-07-27,3.917,3.863,3.952,4.386,4.922,4.929,1.93,2.017,2.298,2.716,3.124,3.213,3.886,3.883,4.055,4.624,5.337,5.438,0.86,0.947,1.149,1.603,2.561,3.015,1.464,1.48,1.595,1.736,2.011,1.962
2025-07-28,3.932,3.88,3.977,4.42,4.961,4.965,1.904,1.985,2.265,2.688,3.11,3.203,3.915,3.916,4.082,4.647,5.346,5.457,0.84,0.919,1.118,1.566,2.512,3.06,1.441,1.465,1.591,1.735,1.998,1.949
2025-07-29,3.875,3.824,3.906,4.328,4.863,4.868,1.915,2.0,2.275,2.69,3.105,3.192,3.902,3.904,4.073,4.619,5.331,5.43,0.827,0.915,1.106,1.558,2.534,3.075,1.439,1.465,1.601,1.736,1.997,1.943
2025-07-30,3.937,3.887,3.965,4.378,4.907,4.913,1.939,2.023,2.296,2.705,3.125,3.21,3.882,3.881,4.044,4.596,5.302,5.416,0.825,0.909,1.093,1.56,2.545,3.091,1.455,1.464,1.6,1.736,2.016,1.959
2025-07-31,3.951,3.894,3.96,4.36,4.88,4.885,1.947,2.026,2.294,2.693,3.1,3.181,3.87,3.857,4.008,4.572,5.267,5.383,0.823,0.905,1.088,1.553,2.542,3.109,1.442,1.464,1.601,1.728,1.985,1.929
2025-08-01,3.704,3.673,3.771,4.22,4.784,4.807,1.908,1.988,2.259,2.677,3.103,3.195,3.795,3.787,3.941,4.52,5.235,5.352,0.814,0.903,1.084,1.555,2.556,3.109,1.428,1.449,1.59,1.71,1.975,1.915
2025-08-02,3.704,3.673,3.771,4.22,4.784,4.807,1.908,1.988,2.259,2.677,3.103,3.195,3.795,3.787,3.941,4.52,5.235,5.352,0.814,0.903,1.084,1.555,2.556,3.109,1.428,1.449,1.59,1.71,1.975,1.915
2025-08-03,3.704,3.673,3.771,4.22,4.784,4.807,1.908,1.988,2.259,2.677,3.103,3.195,3.795,3.787,3.941,4.52,5.235,5.352,0.814,0.903,1.084,1.555,2.556,3.117,1.428,1.449,1.59,1.71,1.975,1.915
2025-08-04,3.681,3.648,3.742,4.198,4.77,4.795,1.896,1.963,2.224,2.6282,3.043,3.141,3.797,3.778,3.934,4.512,5.205,5.329,0.759,0.846,1.025,1.506,2.546,3.074,1.441,1.459,1.594,1.72,1.983,1.936
2025-08-05,3.716,3.676,3.762,4.196,4.752,4.769,1.892,1.963,2.214,2.6221,3.043,3.141,3.83,3.809,3.961,4.516,5.222,5.339,0.751,0.833,1.008,1.473,2.497,3.076,1.436,1.45,1.586,1.715,1.981,1.931
2025-08-06,3.701,3.656,3.762,4.218,4.79,4.811,1.902,1.975,2.231,2.6432,3.071,3.172,3.83,3.811,3.964,4.518,5.23,5.353,0.772,0.854,1.027,1.496,2.514,3.056,1.435,1.449,1.589,1.718,1.988,1.936
2025-08-07,3.734,3.689,3.79,4.244,4.794,4.816,1.926,1.982,2.234,2.6369,3.052,3.149,3.883,3.861,4.009,4.556,5.233,5.363,0.767,0.854,1.024,1.49,2.516,3.072,1.413,1.422,1.555,1.698,1.976,1.924
2025-08-08,3.758,3.725,3.828,4.283,4.831,4.854,1.959,2.02,2.281,2.6874,3.108,3.205,3.907,3.895,4.04,4.603,5.3,5.433,0.77,0.862,1.036,1.49,2.519,3.072,1.415,1.432,1.571,1.7,1.982,1.929
2025-08-09,3.758,3.725,3.828,4.283,4.831,4.854,1.959,2.02,2.281,2.6874,3.108,3.205,3.907,3.895,4.04,4.603,5.3,5.433,0.77,0.862,1.036,1.49,2.519,3.072,1.415,1.432,1.571,1.7,1.982,1.929
2025-08-10,3.758,3.725,3.828,4.283,4.831,4.854,1.959,2.02,2.281,2.6874,3.108,3.205,3.907,3.895,4.04,4.603,5.3,5.433,0.77,0.862,1.036,1.49,2.519,3.076,1.415,1.432,1.571,1.7,1.982,1.929
2025-08-11,3.754,3.719,3.822,4.273,4.82,4.841,1.969,2.031,2.291,2.6966,3.13,3.228,3.868,3.856,4.003,4.564,5.262,5.393,0.768,0.865,1.038,1.482,2.515,3.092,1.41,1.435,1.57,1.714,2.002,1.992
2025-08-12,3.731,3.705,3.822,4.293,4.859,4.885,1.97,2.039,2.318,2.7431,3.196,3.298,3.892,3.888,4.045,4.618,5.334,5.464,0.771,0.868,1.039,1.499,2.524,3.079,1.416,1.437,1.584,1.728,2.04,2.024
2025-08-13,3.687,3.654,3.772,4.24,4.802,4.828,1.936,1.998,2.256,2.6801,3.134,3.234,3.868,3.864,4.012,4.593,5.293,5.447,0.785,0.89,1.068,1.519,2.527,3.092,1.419,1.428,1.568,1.733,2.058,2.016
2025-08-14,3.739,3.703,3.821,4.293,4.858,4.883,1.945,2.008,2.278,2.7062,3.162,3.261,3.912,3.909,4.058,4.637,5.352,5.492,0.815,0.924,1.108,1.554,2.558,3.099,1.415,1.421,1.587,1.737,2.09,2.034
2025-08-15,3.759,3.722,3.845,4.328,4.902,4.925,1.97,2.048,2.334,2.7787,3.241,3.342,3.939,3.936,4.092,4.702,5.418,5.572,0.826,0.929,1.111,1.564,2.564,3.099,1.415,1.422,1.586,1.748,2.073,2.034
2025-08-16,3.759,3.722,3.845,4.328,4.902,4.925,1.97,2.048,2.334,2.7787,3.241,3.342,3.939,3.936,4.092,4.702,5.418,5.572,0.826,0.929,1.111,1.564,2.564,3.099,1.415,1.422,1.586,1.748,2.073,2.034
2025-08-17,3.759,3.722,3.845,4.328,4.902,4.925,1.97,2.048,2.334,2.7787,3.241,3.342,3.939,3.936,4.092,4.702,5.418,5.572,0.826,0.929,1.111,1.564,2.564,3.115,1.415,1.422,1.586,1.748,2.073,2.034
2025-08-18,3.773,3.735,3.855,4.339,4.918,4.942,1.969,2.045,2.33,2.7759,3.247,3.353,3.971,3.974,4.127,4.73,5.461,5.605,0.831,0.94,1.119,1.571,2.576,3.147,1.427,1.434,1.643,1.769,2.176,2.122
2025-08-19,3.754,3.71,3.822,4.302,4.88,4.902,1.959,2.032,2.309,2.7543,3.225,3.332,3.981,3.977,4.141,4.719,5.454,5.584,0.844,0.955,1.138,1.591,2.606,3.183,1.432,1.448,1.633,1.779,2.145,2.102
2025-08-20,3.744,3.697,3.81,4.296,4.88,4.904,1.934,2.002,2.276,2.7164,3.186,3.297,3.919,3.927,4.076,4.674,5.391,5.534,0.851,0.965,1.148,1.61,2.636,3.186,1.438,1.443,1.644,1.789,2.132,2.113
2025-08-21,3.792,3.744,3.859,4.332,4.905,4.924,1.974,2.042,2.314,2.7537,3.22,3.331,3.969,3.973,4.127,4.728,5.44,5.581,0.854,0.965,1.153,1.608,2.646,3.22,1.428,1.441,1.636,1.774,2.126,2.093
2025-08-22,3.688,3.64,3.757,4.258,4.852,4.883,1.947,2.009,2.274,2.7191,3.193,3.306,3.945,3.943,4.099,4.688,5.41,5.547,0.865,0.973,1.155,1.616,2.662,3.22,1.438,1.455,1.635,1.789,2.143,2.078
2025-08-23,3.688,3.64,3.757,4.258,4.852,4.883,1.947,2.009,2.274,2.7191,3.193,3.306,3.945,3.943,4.099,4.688,5.41,5.547,0.865,0.973,1.155,1.616,2.662,3.22,1.438,1.455,1.635,1.789,2.143,2.078
2025-08-24,3.688,3.64,3.757,4.258,4.852,4.883,1.947,2.009,2.274,2.7191,3.193,3.306,3.945,3.943,4.099,4.688,5.41,5.547,0.865,0.973,1.155,1.616,2.662,3.215,1.438,1.455,1.635,1.789,2.143,2.078
2025-08-25,3.73,3.675,3.787,4.275,4.859,4.889,1.979,2.044,2.317,2.7581,3.227,3.337,4.187,3.943,4.099,4.688,5.424,5.547,0.871,0.973,1.156,1.616,2.648,3.203,1.436,1.45,1.648,1.784,2.115,2.087
2025-08-26,3.677,3.62,3.738,4.256,4.867,4.908,1.941,2.002,2.269,2.7219,3.205,3.322,3.974,3.987,4.143,4.73,5.469,5.601,0.873,0.975,1.159,1.623,2.64,3.235,1.42,1.438,1.626,1.772,2.082,2.048
2025-08-27,3.623,3.591,3.705,4.238,4.87,4.913,1.914,1.973,2.233,2.694,3.188,3.308,3.968,3.983,4.135,4.729,5.467,5.596,0.866,0.977,1.161,1.626,2.652,3.211,1.415,1.438,1.629,1.772,2.084,2.047
2025-08-28,3.635,3.592,3.696,4.207,4.829,4.872,1.936,1.992,2.245,2.6977,3.187,3.305,3.947,3.949,4.1,4.702,5.433,5.576,0.857,0.971,1.159,1.62,2.629,3.19,1.414,1.434,1.646,1.786,2.121,2.079
2025-08-29,3.623,3.584,3.699,4.226,4.867,4.918,1.944,2.001,2.257,2.7222,3.221,3.341,3.951,3.961,4.109,4.713,5.46,5.595,0.873,0.964,1.151,1.603,2.6,3.19,1.417,1.431,1.63,1.785,2.103,2.077
2025-08-30,3.623,3.584,3.699,4.226,4.867,4.918,1.944,2.001,2.257,2.7222,3.221,3.341,3.951,3.961,4.109,4.713,5.46,5.595,0.873,0.964,1.151,1.603,2.6,3.19,1.417,1.431,1.63,1.785,2.103,2.077
2025-08-31,3.623,3.584,3.699,4.237,4.867,4.918,1.944,2.001,2.257,2.7222,3.221,3.341,3.951,3.961,4.109,4.713,5.46,5.595,0.873,0.964,1.151,1.603,2.6,3.198,1.417,1.431,1.63,1.785,2.103,2.077
2025-09-01,3.637,3.598,3.718,4.253,4.905,4.959,1.956,2.035,2.279,2.749,3.245,3.363,3.968,3.98,4.137,4.746,5.493,5.638,0.88,0.98,1.169,1.623,2.631,3.234,1.411,1.426,1.637,1.792,2.13,2.096
2025-09-02,3.658,3.626,3.743,4.277,4.922,4.971,1.976,2.052,2.316,2.7899,3.293,3.414,3.991,4.013,4.177,4.8,5.544,5.693,0.867,0.963,1.148,1.603,2.631,3.291,1.411,1.427,1.629,1.787,2.111,2.074
2025-09-03,3.612,3.578,3.685,4.211,4.843,4.892,1.962,2.024,2.281,2.7406,3.241,3.36,3.963,3.974,4.133,4.739,5.463,5.597,0.867,0.971,1.16,1.633,2.689,3.261,1.401,1.424,1.6,1.775,2.075,2.07
2025-09-04,3.592,3.553,3.653,4.176,4.821,4.873,1.966,2.02,2.275,2.7229,3.23,3.346,3.952,3.963,4.116,4.714,5.439,5.571,0.854,0.953,1.139,1.606,2.662,3.232,1.399,1.424,1.616,1.769,2.087,2.059
2025-09-05,3.507,3.476,3.583,4.086,4.718,4.774,1.929,1.972,2.215,2.6582,3.185,3.304,3.917,3.915,4.053,4.658,5.368,5.52,0.839,0.933,1.108,1.571,2.64,3.232,1.413,1.427,1.613,1.766,2.14,2.081
2025-09-06,3.507,3.476,3.583,4.086,4.718,4.774,1.929,1.972,2.215,2.6582,3.185,3.304,3.917,3.915,4.053,4.658,5.368,5.52,0.839,0.933,1.108,1.571,2.64,3.232,1.413,1.427,1.613,1.766,2.14,2.081
2025-09-07,3.507,3.476,3.583,4.086,4.718,4.774,1.929,1.972,2.215,2.6582,3.185,3.304,3.917,3.915,4.053,4.658,5.368,5.52,0.839,0.933,1.108,1.571,2.64,3.268,1.413,1.427,1.613,1.766,2.14,2.081
2025-09-08,3.495,3.463,3.57,4.046,4.647,4.69,1.924,1.961,2.206,2.6387,3.152,3.267,3.901,3.88,4.024,4.611,5.324,5.47,0.825,0.925,1.098,1.571,2.675,3.258,1.418,1.434,1.626,1.788,2.14,2.11
2025-09-09,3.542,3.501,3.601,4.074,4.67,4.717,1.947,1.983,2.23,2.6644,3.178,3.288,3.923,3.905,4.041,4.619,5.337,5.477,0.836,0.932,1.098,1.561,2.651,3.234,1.42,1.434,1.633,1.8,2.163,2.128
2025-09-10,3.533,3.484,3.582,4.032,4.627,4.677,1.955,1.992,2.228,2.6539,3.17,3.279,3.944,3.921,4.059,4.628,5.341,5.481,0.851,0.946,1.113,1.565,2.641,3.217,1.435,1.444,1.655,1.813,2.197,2.169
2025-09-11,3.529,3.487,3.578,4.011,4.606,4.651,1.986,2.021,2.254,2.6505,3.156,3.259,3.935,3.912,4.046,4.595,5.304,5.431,0.856,0.948,1.119,1.576,2.649,3.206,1.415,1.44,1.629,1.811,2.217,2.166
2025-09-12,3.558,3.526,3.625,4.06,4.643,4.679,2.019,2.06,2.307,2.7133,3.202,3.3,3.991,3.973,4.101,4.655,5.363,5.482,0.869,0.961,1.139,1.596,2.648,3.206,1.427,1.437,1.619,1.817,2.191,2.157
2025-09-13,3.558,3.526,3.625,4.06,4.643,4.679,2.019,2.06,2.307,2.7133,3.202,3.3,3.991,3.973,4.101,4.655,5.363,5.482,0.869,0.961,1.139,1.596,2.648,3.206,1.427,1.437,1.619,1.817,2.191,2.157
2025-09-14,3.558,3.526,3.625,4.06,4.643,4.679,2.019,2.06,2.307,2.7133,3.202,3.3,3.991,3.973,4.101,4.655,5.363,5.482,0.869,0.961,1.139,1.596,2.648,3.21,1.427,1.437,1.619,1.817,2.191,2.157
2025-09-15,3.535,3.497,3.6,4.034,4.617,4.655,2.017,2.051,2.294,2.6959,3.185,3.283,3.952,3.933,4.061,4.634,5.328,5.465,0.858,0.952,1.14,1.594,2.651,3.249,1.434,1.519,1.63,1.889,2.198,2.2
2025-09-16,3.51,3.475,3.583,4.026,4.608,4.646,2.006,2.046,2.287,2.6945,3.179,3.279,3.97,3.949,4.081,4.637,5.324,5.456,0.876,0.97,1.155,1.606,2.673,3.204,1.422,1.516,1.606,1.879,2.198,2.21
2025-09-17,3.547,3.53,3.647,4.076,4.642,4.674,2.006,2.049,2.284,2.6763,3.143,3.237,3.967,3.953,4.078,4.624,5.305,5.436,0.879,0.965,1.15,1.596,2.642,3.193,1.412,1.515,1.601,1.87,2.179,2.178
2025-09-18,3.568,3.549,3.663,4.104,4.685,4.72,2.005,2.053,2.299,2.716,3.201,3.303,3.971,3.963,4.103,4.656,5.369,5.49,0.883,0.969,1.152,1.6,2.628,3.158,1.41,1.515,1.599,1.866,2.155,2.178
2025-09-19,3.582,3.567,3.691,4.139,4.721,4.756,2.027,2.078,2.328,2.7485,3.236,3.341,3.983,3.983,4.134,4.709,5.42,5.558,0.919,1.004,1.201,1.641,2.632,3.158,1.417,1.523,1.605,1.872,2.174,2.19
2025-09-20,3.582,3.567,3.691,4.139,4.721,4.756,2.027,2.078,2.328,2.7485,3.236,3.341,3.983,3.983,4.134,4.709,5.42,5.558,0.919,1.004,1.201,1.641,2.632,3.158,1.417,1.523,1.605,1.872,2.174,2.19
2025-09-21,3.582,3.567,3.691,4.139,4.721,4.756,2.027,2.078,2.328,2.7485,3.236,3.341,3.983,3.983,4.134,4.709,5.42,5.558,0.919,1.004,1.201,1.641,2.632,3.176,1.417,1.523,1.605,1.872,2.174,2.19
2025-09-22,3.601,3.581,3.696,4.145,4.727,4.761,2.017,2.078,2.321,2.7481,3.25,3.359,3.987,3.989,4.135,4.705,5.412,5.542,0.931,1.06,1.23,1.655,2.652,3.174,1.435,1.53,1.614,1.881,2.195,2.216
2025-09-23,3.592,3.567,3.677,4.118,4.702,4.737,2.025,2.087,2.333,2.752,3.244,3.35,3.961,3.957,4.109,4.684,5.368,5.503,0.921,1.058,1.225,1.659,2.647,3.159,1.436,1.536,1.623,1.886,2.2,2.219
2025-09-24,3.598,3.597,3.71,4.147,4.725,4.758,2.023,2.085,2.327,2.7474,3.24,3.345,3.959,3.955,4.105,4.671,5.36,5.49,0.929,1.054,1.221,1.641,2.616,3.129,1.441,1.55,1.649,1.903,2.205,2.256
2025-09-25,3.663,3.663,3.769,4.174,4.728,4.753,2.045,2.114,2.366,2.7721,3.255,3.346,4.024,4.02,4.179,4.747,5.439,5.559,0.936,1.058,1.231,1.647,2.605,3.161,1.451,1.549,1.648,1.903,2.238,2.279
2025-09-26,3.647,3.655,3.77,4.187,4.741,4.765,2.033,2.094,2.338,2.7451,3.231,3.326,4.028,4.037,4.183,4.747,5.439,5.565,0.933,1.062,1.229,1.659,2.63,3.161,1.447,1.562,1.653,1.914,2.236,2.251
2025-09-27,3.647,3.655,3.77,4.187,4.741,4.765,2.033,2.094,2.338,2.7451,3.231,3.326,4.028,4.037,4.183,4.747,5.439,5.565,0.933,1.062,1.229,1.659,2.63,3.161,1.447,1.562,1.653,1.914,2.236,2.251
2025-09-28,3.647,3.655,3.77,4.187,4.741,4.765,2.033,2.094,2.338,2.7451,3.231,3.326,4.028,4.037,4.183,4.747,5.439,5.565,0.933,1.062,1.229,1.659,2.63,3.117,1.439,1.563,1.636,1.906,2.237,2.242
2025-09-29,3.633,3.634,3.741,4.141,4.685,4.704,2.02,2.075,2.31,2.7062,3.186,3.277,3.99,3.987,4.143,4.697,5.386,5.512,0.931,1.057,1.226,1.642,2.596,3.152,1.439,1.55,1.637,1.895,2.255,2.246
2025-09-30,3.604,3.613,3.734,4.15,4.708,4.733,2.021,2.076,2.31,2.712,3.195,3.29,3.991,3.995,4.137,4.698,5.388,5.511,0.944,1.07,1.232,1.648,2.613,3.152,1.438,1.543,1.611,1.878,2.247,2.262
2025-10-01,3.545,3.556,3.68,4.106,4.679,4.715,2.016,2.073,2.305,2.7134,3.205,3.304,3.972,3.981,4.124,4.695,5.394,5.514,0.955,1.07,1.234,1.65,2.618,3.175,1.438,1.543,1.611,1.878,2.247,2.262
2025-10-02,3.549,3.559,3.675,4.09,4.658,4.697,2.013,2.069,2.297,2.6978,3.184,3.276,3.996,3.988,4.141,4.692,5.402,5.505,0.953,1.068,1.24,1.663,2.629,3.157,1.438,1.543,1.611,1.878,2.247,2.262
2025-10-03,3.572,3.587,3.708,4.119,4.681,4.714,2.02,2.077,2.305,2.7,3.181,3.272,3.976,3.973,4.123,4.696,5.384,5.508,0.944,1.05,1.223,1.661,2.614,3.157,1.438,1.543,1.611,1.878,2.247,2.262
2025-10-04,3.572,3.587,3.708,4.119,4.681,4.714,2.02,2.077,2.305,2.7,3.181,3.272,3.976,3.973,4.123,4.696,5.384,5.508,0.944,1.05,1.223,1.661,2.614,3.157,1.438,1.543,1.611,1.878,2.247,2.262
2025-10-05,3.572,3.587,3.708,4.119,4.681,4.714,2.02,2.077,2.305,2.7,3.181,3.272,3.976,3.973,4.123,4.696,5.384,5.508,0.944,1.05,1.223,1.661,2.614,3.295,1.438,1.543,1.611,1.878,2.247,2.262
2025-10-06,3.597,3.615,3.745,4.162,4.723,4.758,2.007,2.068,2.304,2.7174,3.203,3.299,3.997,4.002,4.157,4.735,5.431,5.558,0.899,1.018,1.194,1.676,2.694,3.275,1.438,1.543,1.611,1.878,2.247,2.262
2025-10-07,3.572,3.584,3.706,4.127,4.689,4.726,2.001,2.064,2.298,2.7107,3.201,3.3,3.993,4.005,4.151,4.721,5.418,5.54,0.911,1.035,1.21,1.677,2.697,3.154,1.438,1.543,1.611,1.878,2.247,2.262
2025-10-08,3.584,3.6,3.722,4.131,4.687,4.724,1.988,2.044,2.273,2.6769,3.167,3.267,4.003,4.017,4.157,4.704,5.401,5.511,0.932,1.055,1.233,1.696,2.704,3.182,1.438,1.543,1.611,1.878,2.247,2.262
2025-10-09,3.599,3.615,3.741,4.148,4.699,4.733,1.998,2.061,2.296,2.704,3.188,3.285,4.018,4.036,4.179,4.746,5.436,5.55,0.931,1.048,1.227,1.694,2.719,3.215,1.463,1.589,1.617,1.925,2.233,2.269
2025-10-10,3.522,3.53,3.647,4.051,4.599,4.634,1.951,2.004,2.226,2.634,3.121,3.221,3.961,3.98,4.121,4.673,5.364,5.487,0.924,1.039,1.227,1.69,2.714,3.215,1.425,1.534,1.601,1.861,2.237,2.29
2025-10-11,3.522,3.53,3.647,4.051,4.599,4.634,1.951,2.004,2.226,2.634,3.121,3.221,3.961,3.98,4.121,4.673,5.364,5.487,0.924,1.039,1.227,1.69,2.714,3.215,1.43,1.545,1.613,1.857,2.238,2.285
2025-10-12,3.522,3.53,3.647,4.076,4.599,4.634,1.951,2.004,2.226,2.634,3.121,3.221,3.961,3.98,4.121,4.673,5.364,5.487,0.924,1.039,1.227,1.69,2.714,3.185,1.43,1.545,1.613,1.857,2.238,2.285
2025-10-13,3.501,3.514,3.633,4.055,4.602,4.638,1.941,1.994,2.215,2.6301,3.121,3.22,3.953,3.967,4.104,4.652,5.356,5.46,0.922,1.041,1.233,1.693,2.706,3.229,1.537,1.523,1.61,1.771,2.22,2.268
2025-10-14,3.479,3.483,3.602,4.022,4.587,4.624,1.933,1.983,2.2,2.6071,3.095,3.193,3.905,3.905,4.04,4.574,5.282,5.384,0.894,1.008,1.19,1.661,2.716,3.163,1.509,1.525,1.598,1.769,2.238,2.293
2025-10-15,3.506,3.511,3.63,4.045,4.609,4.639,1.922,1.952,2.155,2.558,3.044,3.14,3.889,3.879,4.003,4.551,5.234,5.351,0.901,1.013,1.192,1.651,2.695,3.13,1.517,1.529,1.604,1.774,2.237,2.294
2025-10-16,3.426,3.429,3.55,3.976,4.552,4.583,1.922,1.95,2.158,2.5694,3.063,3.164,3.861,3.846,3.958,4.479,5.194,5.281,0.919,1.032,1.212,1.657,2.659,3.129,1.512,1.534,1.602,1.769,2.223,2.276
2025-10-17,3.464,3.471,3.592,4.009,4.575,4.603,1.916,1.943,2.164,2.5784,3.077,3.177,3.884,3.867,3.981,4.533,5.221,5.344,0.908,1.019,1.19,1.625,2.639,3.129,1.514,1.533,1.603,1.763,2.198,2.251
2025-10-18,3.464,3.471,3.592,4.009,4.575,4.603,1.916,1.943,2.164,2.5784,3.077,3.177,3.884,3.867,3.981,4.533,5.221,5.344,0.908,1.019,1.19,1.625,2.639,3.129,1.514,1.533,1.603,1.763,2.198,2.251
2025-10-19,3.464,3.471,3.592,4.009,4.575,4.603,1.916,1.943,2.164,2.5784,3.077,3.177,3.884,3.867,3.981,4.533,5.221,5.344,0.908,1.019,1.19,1.625,2.639,3.115,1.514,1.533,1.603,1.763,2.198,2.251
2025-10-20,3.464,3.466,3.579,3.988,4.549,4.579,1.921,1.953,2.174,2.5839,3.076,3.175,3.854,3.836,3.956,4.504,5.19,5.313,0.948,1.059,1.242,1.669,2.645,3.131,1.527,1.538,1.608,1.776,2.198,2.237
2025-10-21,3.455,3.455,3.56,3.963,4.52,4.548,1.916,1.939,2.155,2.5508,3.038,3.133,3.854,3.841,3.95,4.476,5.15,5.264,0.937,1.05,1.227,1.656,2.639,3.117,1.52,1.544,1.607,1.777,2.194,2.232
2025-10-22,3.444,3.446,3.553,3.953,4.511,4.539,1.915,1.939,2.158,2.5592,3.047,3.147,3.778,3.763,3.883,4.415,5.101,5.218,0.931,1.039,1.221,1.654,2.64,3.089,1.519,1.543,1.611,1.779,2.18,2.209
2025-10-23,3.482,3.484,3.597,3.989,4.542,4.571,1.934,1.959,2.176,2.5779,3.064,3.163,3.785,3.769,3.888,4.418,5.103,5.222,0.934,1.043,1.223,1.66,2.615,3.054,1.517,1.55,1.609,1.781,2.191,2.213
2025-10-24,3.484,3.488,3.602,3.997,4.556,4.586,1.982,2.006,2.231,2.6242,3.108,3.206,3.801,3.79,3.908,4.431,5.097,5.22,0.934,1.041,1.223,1.656,2.6,3.054,1.511,1.546,1.616,1.789,2.207,2.223
2025-10-25,3.484,3.488,3.602,3.997,4.556,4.586,1.982,2.006,2.231,2.6242,3.108,3.206,3.801,3.79,3.908,4.431,5.097,5.22,0.934,1.041,1.223,1.656,2.6,3.054,1.511,1.546,1.616,1.789,2.207,2.223
2025-10-26,3.484,3.488,3.602,3.997,4.556,4.586,1.982,2.006,2.231,2.6242,3.108,3.206,3.801,3.79,3.908,4.431,5.097,5.22,0.934,1.041,1.223,1.656,2.6,3.07,1.511,1.546,1.616,1.789,2.207,2.223
2025-10-27,3.501,3.504,3.616,3.997,4.542,4.569,1.983,2.009,2.23,2.6167,3.094,3.19,3.783,3.773,3.888,4.403,5.064,5.199,0.946,1.052,1.237,1.671,2.613,3.054,1.501,1.538,1.592,1.781,2.189,2.208
2025-10-28,3.494,3.501,3.613,3.983,4.523,4.547,1.983,2.012,2.232,2.6212,3.099,3.194,3.773,3.765,3.879,4.4,5.061,5.174,0.938,1.034,1.217,1.643,2.582,3.047,1.48,1.518,1.6,1.773,2.192,2.22
2025-10-29,3.586,3.587,3.699,4.058,4.58,4.599,1.978,2.005,2.229,2.6186,3.095,3.189,3.767,3.754,3.876,4.396,5.05,5.171,0.944,1.039,1.231,1.651,2.58,3.045,1.441,1.457,1.556,1.766,2.179,2.189
2025-10-30,3.614,3.613,3.72,4.093,4.628,4.648,1.992,2.023,2.249,2.6375,3.106,3.196,3.796,3.794,3.912,4.411,5.071,5.173,0.932,1.03,1.216,1.646,2.575,3.043,1.413,1.435,1.558,1.762,2.194,2.189
2025-10-31,3.606,3.608,3.717,4.101,4.647,4.669,1.985,2.009,2.236,2.6369,3.12,3.217,3.769,3.766,3.887,4.404,5.064,5.179,0.917,1.025,1.222,1.659,2.587,3.043,1.425,1.429,1.545,1.764,2.196,2.177
2025-11-01,3.606,3.608,3.717,4.101,4.647,4.669,1.985,2.009,2.236,2.6369,3.12,3.217,3.769,3.766,3.887,4.404,5.064,5.179,0.917,1.025,1.222,1.659,2.587,3.043,1.425,1.429,1.545,1.764,2.196,2.177
2025-11-02,3.606,3.608,3.717,4.101,4.647,4.669,1.985,2.009,2.236,2.6369,3.12,3.217,3.769,3.766,3.887,4.404,5.064,5.179,0.917,1.025,1.222,1.659,2.587,3.037,1.425,1.429,1.545,1.764,2.196,2.177
2025-11-03,3.6,3.608,3.715,4.107,4.663,4.69,2.005,2.036,2.266,2.6625,3.143,3.244,3.8,3.808,3.915,4.428,5.093,5.203,0.912,1.019,1.222,1.654,2.58,3.086,1.426,1.434,1.549,1.757,2.141,2.162
2025-11-04,3.584,3.591,3.701,4.091,4.647,4.671,1.997,2.024,2.254,2.6518,3.134,3.236,3.788,3.793,3.903,4.42,5.085,5.206,0.939,1.043,1.246,1.675,2.619,3.071,1.436,1.449,1.552,1.747,2.139,2.159
2025-11-05,3.632,3.648,3.765,4.157,4.715,4.736,2.005,2.035,2.268,2.6723,3.154,3.256,3.808,3.819,3.934,4.463,5.127,5.254,0.93,1.034,1.222,1.663,2.603,3.09,1.443,1.463,1.551,1.745,2.141,2.159
2025-11-06,3.566,3.576,3.689,4.093,4.661,4.687,1.997,2.026,2.256,2.6576,3.146,3.246,3.785,3.783,3.903,4.444,5.097,5.232,0.935,1.045,1.243,1.683,2.615,3.104,1.44,1.463,1.563,1.756,2.174,2.167
2025-11-07,3.557,3.566,3.68,4.093,4.673,4.701,1.991,2.022,2.258,2.6676,3.162,3.269,3.802,3.81,3.934,4.465,5.127,5.254,0.938,1.049,1.25,1.68,2.625,3.104,1.44,1.465,1.563,1.758,2.153,2.177
2025-11-08,3.557,3.566,3.68,4.093,4.673,4.701,1.991,2.022,2.258,2.6676,3.162,3.269,3.802,3.81,3.934,4.465,5.127,5.254,0.938,1.049,1.25,1.68,2.625,3.104,1.44,1.465,1.563,1.758,2.153,2.177
2025-11-09,3.557,3.566,3.68,4.093,4.673,4.701,1.991,2.022,2.258,2.6676,3.162,3.269,3.802,3.81,3.934,4.465,5.127,5.254,0.938,1.049,1.25,1.68,2.625,3.134,1.44,1.465,1.563,1.758,2.153,2.177
2025-11-10,3.591,3.599,3.71,4.11,4.679,4.702,2.004,2.035,2.264,2.6658,3.157,3.26,3.806,3.81,3.935,4.456,5.114,5.238,0.945,1.058,1.267,1.7,2.656,3.175,1.45,1.45,1.549,1.814,2.258,2.083
2025-11-11,3.549,3.546,3.659,4.069,4.643,4.673,2.006,2.029,2.258,2.6574,3.148,3.252,3.732,3.737,3.863,4.382,5.047,5.172,0.932,1.045,1.251,1.691,2.675,3.176,1.453,1.449,1.55,1.825,2.243,2.081
2025-11-12,3.566,3.561,3.668,4.067,4.634,4.662,2.002,2.027,2.251,2.6465,3.131,3.234,3.738,3.739,3.871,4.4,5.066,5.196,0.935,1.044,1.247,1.689,2.689,3.192,1.451,1.453,1.558,1.816,2.243,2.083
2025-11-13,3.589,3.589,3.703,4.111,4.676,4.702,2.028,2.059,2.292,2.6874,3.177,3.283,3.771,3.774,3.908,4.436,5.108,5.236,0.931,1.04,1.248,1.696,2.7,3.208,1.449,1.46,1.546,1.814,2.235,2.089
2025-11-14,3.614,3.615,3.734,4.148,4.721,4.746,2.038,2.072,2.31,2.7166,3.214,3.318,3.853,3.867,4.018,4.581,5.262,5.407,0.929,1.044,1.248,1.703,2.716,3.208,1.432,1.44,1.545,1.807,2.173,2.083
2025-11-15,3.614,3.615,3.734,4.148,4.721,4.746,2.038,2.072,2.31,2.7166,3.214,3.318,3.853,3.867,4.018,4.581,5.262,5.407,0.929,1.044,1.248,1.703,2.716,3.208,1.432,1.44,1.545,1.807,2.173,2.083
2025-11-16,3.614,3.615,3.734,4.148,4.721,4.746,2.038,2.072,2.31,2.7166,3.214,3.318,3.853,3.867,4.018,4.581,5.262,5.407,0.929,1.044,1.248,1.703,2.716,3.254,1.432,1.44,1.545,1.807,2.173,2.083
2025-11-17,3.61,3.607,3.721,4.133,4.707,4.736,2.04,2.074,2.308,2.713,3.207,3.312,3.803,3.82,3.968,4.539,5.215,5.358,0.935,1.047,1.257,1.73,2.747,3.31,1.444,1.452,1.552,1.815,2.197,2.089
2025-11-18,3.581,3.576,3.694,4.121,4.709,4.741,2.022,2.059,2.296,2.7095,3.22,3.326,3.81,3.832,3.982,4.557,5.245,5.392,0.927,1.04,1.251,1.743,2.786,3.339,1.443,1.453,1.544,1.814,2.167,2.09
2025-11-19,3.598,3.592,3.708,4.131,4.719,4.752,2.015,2.051,2.291,2.7103,3.224,3.332,3.815,3.828,4.003,4.613,5.305,5.459,0.931,1.047,1.261,1.763,2.82,3.364,1.44,1.444,1.548,1.816,2.187,2.101
2025-11-20,3.558,3.553,3.673,4.104,4.699,4.732,2.024,2.061,2.301,2.7194,3.239,3.351,3.797,3.822,3.998,4.587,5.287,5.424,0.96,1.091,1.324,1.817,2.855,3.309,1.441,1.448,1.549,1.823,2.18,2.116
2025-11-21,3.514,3.501,3.618,4.063,4.678,4.715,2.011,2.041,2.28,2.698,3.226,3.337,3.781,3.799,3.965,4.549,5.229,5.369,0.952,1.084,1.309,1.785,2.805,3.309,1.442,1.447,1.545,1.821,2.185,2.123
2025-11-22,3.514,3.501,3.618,4.063,4.678,4.715,2.011,2.041,2.28,2.698,3.226,3.337,3.781,3.799,3.965,4.549,5.229,5.369,0.952,1.084,1.309,1.785,2.805,3.309,1.442,1.447,1.545,1.821,2.185,2.123
2025-11-23,3.514,3.501,3.618,4.063,4.678,4.715,2.011,2.041,2.28,2.698,3.226,3.337,3.781,3.799,3.965,4.549,5.229,5.369,0.952,1.084,1.309,1.785,2.805,3.323,1.442,1.447,1.545,1.821,2.185,2.123
2025-11-24,3.505,3.491,3.605,4.036,4.639,4.677,2.025,2.049,2.285,2.697,3.218,3.329,3.782,3.803,3.967,4.533,5.227,5.367,0.947,1.083,1.312,1.781,2.801,3.333,1.445,1.444,1.552,1.826,2.197,2.128
2025-11-25,3.459,3.452,3.565,4.002,4.615,4.658,2.019,2.044,2.271,2.6728,3.196,3.303,3.767,3.785,3.939,4.525,5.193,5.323,0.971,1.099,1.331,1.804,2.827,3.315,1.43,1.432,1.551,1.822,2.207,2.129
2025-11-26,3.481,3.473,3.574,3.998,4.603,4.644,2.026,2.049,2.273,2.6741,3.201,3.309,3.74,3.744,3.881,4.42,5.091,5.202,0.974,1.108,1.335,1.814,2.826,3.33,1.442,1.445,1.57,1.833,2.212,2.157
2025-11-27,3.489,3.48,3.583,4.005,4.61,4.651,2.029,2.055,2.282,2.6775,3.212,3.317,3.755,3.757,3.906,4.451,5.102,5.207,0.971,1.098,1.321,1.795,2.822,3.345,1.445,1.449,1.582,1.849,2.232,2.167
2025-11-28,3.491,3.49,3.598,4.019,4.632,4.671,2.03,2.062,2.292,2.6913,3.225,3.331,3.744,3.746,3.893,4.441,5.091,5.196,0.973,1.099,1.319,1.807,2.835,3.345,1.423,1.434,1.574,1.832,2.252,2.165
2025-11-29,3.491,3.49,3.598,4.019,4.632,4.671,2.03,2.062,2.292,2.6913,3.225,3.331,3.744,3.746,3.893,4.441,5.091,5.196,0.973,1.099,1.319,1.807,2.835,3.345,1.423,1.434,1.574,1.832,2.252,2.165
2025-11-30,3.491,3.49,3.598,4.019,4.632,4.671,2.03,2.062,2.292,2.6913,3.225,3.331,3.744,3.746,3.893,4.441,5.091,5.196,0.973,1.099,1.319,1.807,2.835,3.385,1.423,1.434,1.574,1.832,2.252,2.165
2025-12-01,3.541,3.553,3.673,4.096,4.711,4.743,2.065,2.103,2.345,2.7492,3.28,3.387,3.755,3.763,3.92,4.479,5.146,5.251,1.023,1.147,1.379,1.874,2.892,3.397,1.431,1.439,1.577,1.84,2.232,2.169
2025-12-02,3.516,3.533,3.659,4.088,4.705,4.741,2.064,2.096,2.345,2.7515,3.28,3.389,3.737,3.745,3.908,4.46,5.136,5.235,1.011,1.128,1.369,1.856,2.882,3.426,1.433,1.439,1.575,1.844,2.237,2.184
2025-12-03,3.486,3.502,3.624,4.058,4.682,4.725,2.057,2.089,2.34,2.7461,3.278,3.388,3.75,3.75,3.903,4.439,5.101,5.193,1.017,1.139,1.386,1.893,2.918,3.399,1.429,1.434,1.578,1.842,2.257,2.209
2025-12-04,3.531,3.553,3.683,4.108,4.723,4.764,2.076,2.113,2.369,2.7706,3.299,3.408,3.734,3.734,3.888,4.429,5.075,5.161,1.023,1.154,1.409,1.937,2.923,3.36,1.436,1.435,1.583,1.862,2.293,2.25
2025-12-05,3.564,3.588,3.715,4.139,4.755,4.792,2.098,2.143,2.403,2.8001,3.332,3.436,3.795,3.8,3.942,4.478,5.108,5.206,1.052,1.181,1.435,1.949,2.921,3.36,1.422,1.432,1.59,1.858,2.329,2.271
2025-12-06,3.564,3.588,3.715,4.139,4.755,4.792,2.098,2.143,2.403,2.8001,3.332,3.436,3.795,3.8,3.942,4.478,5.108,5.206,1.052,1.181,1.435,1.949,2.921,3.36,1.422,1.432,1.59,1.858,2.329,2.271
2025-12-07,3.564,3.588,3.715,4.139,4.755,4.792,2.098,2.143,2.403,2.8001,3.332,3.436,3.795,3.8,3.942,4.478,5.108,5.206,1.052,1.181,1.435,1.949,2.921,3.399,1.422,1.432,1.59,1.858,2.329,2.271
2025-12-08,3.583,3.617,3.752,4.172,4.785,4.816,2.162,2.213,2.485,2.8666,3.378,3.469,3.809,3.844,3.996,4.531,5.152,5.234,1.062,1.193,1.448,1.964,2.954,3.384,1.36,1.45,1.635,1.875,2.4,2.277
2025-12-09,3.613,3.648,3.78,4.186,4.781,4.809,2.154,2.202,2.469,2.8519,3.374,3.465,3.792,3.828,3.976,4.506,5.117,5.202,1.074,1.19,1.443,1.96,2.943,3.394,1.359,1.429,1.644,1.871,2.359,2.269
2025-12-10,3.565,3.608,3.755,4.164,4.765,4.796,2.183,2.226,2.481,2.8563,3.369,3.463,3.791,3.841,3.988,4.51,5.125,5.213,1.074,1.202,1.447,1.956,2.944,3.38,1.356,1.43,1.634,1.857,2.342,2.248
2025-12-11,3.53,3.571,3.715,4.141,4.756,4.79,2.169,2.216,2.468,2.8456,3.366,3.46,3.776,3.82,3.967,4.478,5.113,5.207,1.058,1.174,1.424,1.928,2.912,3.357,1.358,1.428,1.627,1.852,2.332,2.223
2025-12-12,3.531,3.586,3.75,4.196,4.821,4.858,2.16,2.218,2.471,2.8611,3.39,3.485,3.751,3.799,3.961,4.521,5.164,5.276,1.071,1.181,1.442,1.952,2.918,3.357,1.356,1.43,1.618,1.849,2.317,2.233
2025-12-13,3.531,3.586,3.75,4.196,4.821,4.858,2.16,2.218,2.471,2.8611,3.39,3.485,3.751,3.799,3.961,4.521,5.164,5.276,1.071,1.181,1.442,1.952,2.918,3.357,1.356,1.43,1.618,1.849,2.317,2.233
2025-12-14,3.531,3.586,3.75,4.196,4.821,4.858,2.16,2.218,2.471,2.8611,3.39,3.485,3.751,3.799,3.961,4.521,5.164,5.276,1.071,1.181,1.442,1.952,2.918,3.368,1.356,1.43,1.618,1.849,2.317,2.233
2025-12-15,3.508,3.561,3.733,4.182,4.81,4.852,2.158,2.214,2.47,2.8508,3.375,3.472,3.757,3.784,3.952,4.499,5.135,5.244,1.069,1.179,1.439,1.959,2.927,3.34,1.355,1.433,1.592,1.795,2.333,2.267
2025-12-16,3.479,3.521,3.693,4.149,4.777,4.823,2.14,2.198,2.458,2.8466,3.371,3.47,3.762,3.79,3.961,4.515,5.158,5.266,1.064,1.175,1.435,1.953,2.916,3.35,1.356,1.425,1.634,1.795,2.362,2.285
2025-12-17,3.485,3.528,3.695,4.151,4.783,4.828,2.14,2.204,2.469,2.8642,3.385,3.485,3.716,3.746,3.918,4.475,5.118,5.227,1.075,1.183,1.449,1.976,2.926,3.379,1.355,1.418,1.622,1.845,2.387,2.27
2025-12-18,3.46,3.497,3.66,4.116,4.756,4.8,2.146,2.198,2.451,2.8491,3.385,3.486,3.74,3.771,3.937,4.477,5.111,5.217,1.07,1.177,1.439,1.971,2.94,3.416,1.368,1.438,1.626,1.798,2.352,2.254
2025-12-19,3.485,3.529,3.695,4.151,4.785,4.828,2.16,2.216,2.486,2.8925,3.433,3.536,3.753,3.794,3.973,4.535,5.159,5.268,1.094,1.213,1.488,2.023,2.975,3.416,1.347,1.381,1.611,1.822,2.352,2.245
2025-12-20,3.485,3.529,3.695,4.151,4.785,4.828,2.16,2.216,2.486,2.8925,3.433,3.536,3.753,3.794,3.973,4.535,5.159,5.268,1.094,1.213,1.488,2.023,2.975,3.416,1.347,1.381,1.611,1.822,2.352,2.245
2025-12-21,3.485,3.529,3.695,4.151,4.785,4.828,2.16,2.216,2.486,2.8925,3.433,3.536,3.753,3.794,3.973,4.535,5.159,5.268,1.094,1.213,1.488,2.023,2.975,3.434,1.347,1.381,1.611,1.822,2.352,2.245
2025-12-22,3.509,3.557,3.718,4.171,4.798,4.843,2.159,2.225,2.499,2.9044,3.439,3.537,3.748,3.798,3.981,4.519,5.175,5.271,1.124,1.303,1.544,2.084,3.007,3.433,1.343,1.411,1.61,1.854,2.315,2.238
2025-12-23,3.528,3.578,3.742,4.169,4.788,4.831,2.149,2.208,2.47,2.8647,3.394,3.489,3.741,3.793,3.972,4.514,5.146,5.246,1.1,1.273,1.498,2.04,2.986,3.428,1.345,1.408,1.565,1.865,2.359,2.235
2025-12-24,3.51,3.558,3.715,4.134,4.753,4.795,2.147,2.205,2.47,2.867,3.394,3.491,3.74,3.781,3.973,4.508,5.147,5.228,1.104,1.274,1.498,2.044,2.988,3.406,1.34,1.402,1.598,1.854,2.332,2.226
2025-12-25,3.503,3.553,3.715,4.133,4.757,4.798,2.147,2.205,2.465,2.8624,3.394,3.491,3.74,3.781,3.973,4.508,5.147,5.228,1.124,1.308,1.52,2.05,2.976,3.395,1.333,1.352,1.538,1.842,2.329,2.225
2025-12-26,3.483,3.532,3.696,4.134,4.772,4.819,2.147,2.205,2.465,2.8624,3.394,3.491,3.74,3.781,3.973,4.508,5.147,5.228,1.156,1.312,1.523,2.04,2.966,3.395,1.345,1.378,1.587,1.829,2.32,2.229
2025-12-27,3.483,3.532,3.696,4.134,4.772,4.819,2.147,2.205,2.465,2.8624,3.394,3.491,3.74,3.781,3.973,4.508,5.147,5.228,1.156,1.312,1.523,2.04,2.966,3.395,1.345,1.378,1.587,1.829,2.32,2.229
2025-12-28,3.483,3.532,3.696,4.134,4.772,4.819,2.147,2.205,2.465,2.8624,3.394,3.491,3.74,3.781,3.973,4.508,5.147,5.228,1.156,1.312,1.523,2.04,2.966,3.435,1.345,1.378,1.587,1.829,2.32,2.229
2025-12-29,3.465,3.512,3.675,4.116,4.752,4.804,2.119,2.174,2.429,2.8257,3.361,3.457,3.724,3.769,3.955,4.49,5.12,5.221,1.164,1.324,1.534,2.056,3.004,3.405,1.342,1.385,1.608,1.867,2.37,2.257
2025-12-30,3.454,3.505,3.682,4.128,4.759,4.813,2.116,2.183,2.447,2.8533,3.386,3.481,3.735,3.78,3.958,4.497,5.132,5.228,1.174,1.341,1.552,2.07,2.992,3.413,1.33,1.392,1.621,1.872,2.36,2.28
2025-12-31,3.469,3.526,3.711,4.153,4.775,4.83,2.123,2.183,2.451,2.8623,3.383,3.48,3.714,3.758,3.928,4.474,5.113,5.207,1.173,1.342,1.554,2.079,2.995,3.405,1.343,1.415,1.643,1.862,2.435,2.313
2026-01-01,3.475,3.537,3.722,4.175,4.789,4.84,2.123,2.19,2.449,2.8557,3.383,3.48,3.714,3.758,3.928,4.474,5.113,5.207,1.168,1.338,1.546,2.072,2.984,3.405,1.343,1.415,1.643,1.862,2.435,2.313
2026-01-02,3.477,3.549,3.739,4.189,4.812,4.864,2.17,2.207,2.479,2.899,3.441,3.539,3.739,3.786,3.964,4.541,5.172,5.276,1.168,1.338,1.546,2.072,2.984,3.405,1.343,1.415,1.643,1.862,2.435,2.313
2026-01-03,3.477,3.549,3.739,4.189,4.812,4.864,2.17,2.207,2.479,2.899,3.441,3.539,3.739,3.786,3.964,4.541,5.172,5.276,1.168,1.338,1.546,2.072,2.984,3.405,1.343,1.415,1.643,1.862,2.435,2.313
2026-01-04,3.477,3.549,3.739,4.189,4.812,4.864,2.17,2.207,2.479,2.899,3.441,3.539,3.739,3.786,3.964,4.541,5.172,5.276,1.168,1.338,1.546,2.072,2.984,3.471,1.348,1.43,1.643,1.877,2.343,2.279
2026-01-05,3.455,3.523,3.71,4.163,4.795,4.854,2.13,2.194,2.458,2.873,3.419,3.512,3.723,3.765,3.94,4.509,5.147,5.249,1.198,1.384,1.603,2.12,3.048,3.497,1.388,1.433,1.651,1.871,2.42,2.292
2026-01-06,3.473,3.538,3.72,4.179,4.808,4.866,2.1,2.166,2.427,2.8466,3.393,3.486,3.7,3.744,3.921,4.48,5.129,5.226,1.187,1.378,1.598,2.133,3.081,3.507,1.351,1.444,1.658,1.89,2.39,2.305
2026-01-07,3.469,3.523,3.694,4.138,4.757,4.815,2.089,2.141,2.393,2.8076,3.352,3.446,3.684,3.703,3.864,4.41,5.058,5.154,1.169,1.368,1.588,2.124,3.095,3.473,1.371,1.471,1.623,1.871,2.398,2.346
2026-01-08,3.488,3.555,3.736,4.183,4.798,4.858,2.099,2.157,2.413,2.8289,3.378,3.475,3.658,3.692,3.851,4.401,5.053,5.158,1.128,1.324,1.534,2.076,3.077,3.403,1.388,1.475,1.648,1.893,2.49,2.341
2026-01-09,3.54,3.594,3.757,4.171,4.766,4.819,2.107,2.164,2.418,2.8256,3.374,3.47,3.649,3.688,3.838,4.377,5.017,5.125,1.148,1.347,1.561,2.094,3.061,3.403,1.401,1.416,1.645,1.877,2.399,2.347
2026-01-10,3.54,3.594,3.757,4.171,4.766,4.819,2.107,2.164,2.418,2.8256,3.374,3.47,3.649,3.688,3.838,4.377,5.017,5.125,1.148,1.347,1.561,2.094,3.061,3.403,1.401,1.416,1.645,1.877,2.399,2.347
2026-01-11,3.54,3.594,3.757,4.171,4.766,4.819,2.107,2.164,2.418,2.8256,3.374,3.47,3.649,3.688,3.838,4.377,5.017,5.125,1.148,1.347,1.561,2.094,3.061,3.396,1.401,1.416,1.645,1.877,2.399,2.347
2026-01-12,3.547,3.602,3.767,4.187,4.782,4.84,2.098,2.152,2.399,2.8014,3.343,3.438,3.655,3.693,3.844,4.369,5.003,5.108,1.141,1.345,1.552,2.084,3.053,3.501,1.449,1.471,1.653,1.861,2.393,2.316
2026-01-13,3.528,3.584,3.743,4.171,4.769,4.828,2.097,2.153,2.402,2.8134,3.361,3.457,3.665,3.705,3.864,4.395,5.032,5.137,1.163,1.374,1.605,2.163,3.141,3.515,1.448,1.479,1.636,1.855,2.396,2.304
2026-01-14,3.514,3.564,3.715,4.14,4.736,4.795,2.084,2.131,2.375,2.7816,3.331,3.43,3.63,3.658,3.809,4.345,4.981,5.095,1.177,1.389,1.616,2.18,3.163,3.472,1.44,1.427,1.623,1.851,2.394,2.332
2026-01-15,3.564,3.616,3.762,4.16,4.733,4.786,2.105,2.147,2.435,2.8177,3.314,3.402,3.675,3.723,3.867,4.38,5.023,5.13,1.182,1.391,1.632,2.161,3.137,3.478,1.425,1.481,1.635,1.861,2.443,2.31
2026-01-16,3.599,3.667,3.828,4.231,4.792,4.84,2.119,2.163,2.455,2.8382,3.337,3.426,3.681,3.729,3.88,4.403,5.03,5.14,1.199,1.4,1.647,2.182,3.158,3.488,1.413,1.435,1.602,1.845,2.393,2.306
2026-01-17,3.599,3.667,3.828,4.231,4.792,4.84,2.119,2.163,2.455,2.8382,3.337,3.426,3.681,3.729,3.88,4.403,5.03,5.14,1.199,1.4,1.647,2.182,3.158,3.488,1.413,1.435,1.602,1.845,2.393,2.306
2026-01-18,3.599,3.667,3.828,4.224,4.792,4.84,2.119,2.163,2.455,2.8382,3.337,3.426,3.681,3.729,3.88,4.403,5.03,5.14,1.199,1.4,1.647,2.182,3.158,3.602,1.413,1.435,1.602,1.845,2.393,2.306
2026-01-19,3.592,3.664,3.835,4.263,4.833,4.88,2.084,2.137,2.438,2.8402,3.359,3.458,3.679,3.733,3.891,4.411,5.054,5.161,1.224,1.433,1.692,2.274,3.268,3.614,1.413,1.392,1.602,1.839,2.435,2.306
2026-01-20,3.597,3.677,3.858,4.295,4.877,4.921,2.073,2.13,2.441,2.8603,3.383,3.483,3.678,3.743,3.913,4.457,5.109,5.224,1.216,1.435,1.7,2.341,3.437,3.85,1.4,1.43,1.597,1.801,2.374,2.285
2026-01-21,3.597,3.664,3.831,4.253,4.827,4.87,2.095,2.15,2.462,2.8781,3.404,3.507,3.69,3.743,3.922,4.45,5.108,5.206,1.231,1.432,1.685,2.286,3.248,3.724,1.405,1.337,1.6,1.835,2.348,2.263
2026-01-22,3.614,3.681,3.849,4.251,4.809,4.849,2.116,2.174,2.478,2.8833,3.397,3.495,3.677,3.734,3.927,4.448,5.126,5.217,1.223,1.419,1.667,2.239,3.201,3.672,1.404,1.428,1.599,1.838,2.383,2.263
2026-01-23,3.605,3.673,3.837,4.239,4.794,4.832,2.129,2.187,2.502,2.903,3.411,3.507,3.74,3.803,3.98,4.525,5.156,5.271,1.254,1.452,1.692,2.26,3.197,3.648,1.398,1.424,1.582,1.832,2.385,2.257
2026-01-24,3.605,3.673,3.837,4.239,4.794,4.832,2.129,2.187,2.502,2.903,3.411,3.507,3.74,3.803,3.98,4.525,5.156,5.271,1.254,1.452,1.692,2.26,3.197,3.648,1.398,1.424,1.582,1.832,2.385,2.257
2026-01-25,3.605,3.673,3.837,4.239,4.794,4.832,2.129,2.187,2.502,2.903,3.411,3.507,3.74,3.803,3.98,4.525,5.156,5.271,1.254,1.452,1.692,2.26,3.197,3.648,1.398,1.424,1.582,1.832,2.385,2.257
2026-01-26,3.59,3.654,3.818,4.211,4.766,4.805,2.113,2.164,2.47,2.8692,3.382,3.481,3.746,3.798,3.971,4.495,5.133,5.235,1.272,1.458,1.69,2.241,3.168,3.627,1.404,1.439,1.59,1.826,2.373,2.247
2026-01-27,3.569,3.638,3.814,4.223,4.789,4.834,2.1,2.161,2.466,2.8713,3.386,3.491,3.745,3.814,3.99,4.531,5.164,5.277,1.283,1.477,1.715,2.285,3.203,3.666,1.418,1.437,1.574,1.8,2.37,2.255
2026-01-28,3.581,3.654,3.842,4.251,4.818,4.859,2.074,2.129,2.441,2.8538,3.382,3.488,3.749,3.816,3.995,4.548,5.191,5.298,1.247,1.432,1.666,2.236,3.171,3.638,1.415,1.423,1.585,1.818,2.385,2.251
2026-01-29,3.551,3.619,3.805,4.227,4.809,4.854,2.058,2.108,2.415,2.8308,3.369,3.48,3.718,3.784,3.951,4.507,5.166,5.271,1.258,1.443,1.68,2.251,3.167,3.628,1.395,1.415,1.585,1.818,2.38,2.271
2026-01-30,3.527,3.599,3.797,4.241,4.821,4.872,2.067,2.116,2.421,2.8446,3.389,3.497,3.722,3.774,3.958,4.525,5.182,5.293,1.233,1.424,1.66,2.245,3.175,3.635,1.383,1.405,1.574,1.803,2.388,2.263
2026-01-31,3.527,3.599,3.797,4.241,4.821,4.872,2.067,2.116,2.421,2.8446,3.389,3.497,3.722,3.774,3.958,4.525,5.182,5.293,1.233,1.424,1.66,2.245,3.175,3.635,1.383,1.405,1.574,1.803,2.388,2.263
2026-02-01,3.527,3.599,3.797,4.241,4.821,4.872,2.067,2.116,2.421,2.8446,3.389,3.497,3.722,3.774,3.958,4.525,5.182,5.293,1.233,1.424,1.66,2.245,3.175,3.635,1.383,1.405,1.574,1.803,2.388,2.263
2026-02-02,3.57,3.642,3.835,4.277,4.857,4.909,2.096,2.144,2.449,2.8663,3.405,3.514,3.709,3.764,3.94,4.313,5.166,5.274,1.263,1.421,1.649,2.231,3.183,3.645,1.39,1.418,1.585,1.809,2.341,2.256
2026-02-03,3.572,3.646,3.837,4.273,4.855,4.906,2.1,2.155,2.466,2.8889,3.436,3.546,3.708,3.777,3.957,4.52,5.177,5.293,1.288,1.452,1.686,2.257,3.186,3.644,1.385,1.369,1.505,1.816,2.39,2.258
2026-02-04,3.559,3.638,3.833,4.278,4.864,4.915,2.073,2.127,2.435,2.862,3.414,3.53,3.722,3.797,3.973,4.555,5.216,5.343,1.279,1.442,1.68,2.252,3.183,3.64,1.384,1.396,1.575,1.816,2.395,2.271
2026-02-05,3.483,3.557,3.752,4.21,4.804,4.863,2.07,2.119,2.42,2.8434,3.392,3.505,3.668,3.749,3.947,4.571,5.251,5.37,1.283,1.443,1.685,2.227,3.137,3.568,1.373,1.388,1.573,1.815,2.403,2.243
2026-02-06,3.495,3.567,3.755,4.206,4.797,4.855,2.069,2.12,2.421,2.8476,3.402,3.516,3.629,3.695,3.901,4.515,5.211,5.338,1.282,1.443,1.686,2.235,3.133,3.555,1.37,1.39,1.565,1.807,2.333,2.243
2026-02-07,3.495,3.567,3.755,4.206,4.797,4.855,2.069,2.12,2.421,2.8476,3.402,3.516,3.629,3.695,3.901,4.515,5.211,5.338,1.282,1.443,1.686,2.235,3.133,3.555,1.37,1.39,1.565,1.807,2.333,2.243
2026-02-08,3.495,3.567,3.755,4.206,4.797,4.855,2.069,2.12,2.421,2.8476,3.402,3.516,3.629,3.695,3.901,4.515,5.211,5.338,1.282,1.443,1.686,2.235,3.133,3.555,1.37,1.39,1.565,1.807,2.333,2.243
2026-02-09,3.483,3.553,3.743,4.198,4.792,4.849,2.057,2.102,2.406,2.8394,3.405,3.529,3.619,3.694,3.902,4.528,5.224,5.348,1.314,1.484,1.74,2.292,3.166,3.565,1.37,1.385,1.603,1.81,2.365,2.301
2026-02-10,3.454,3.52,3.699,4.145,4.73,4.788,2.048,2.089,2.382,2.804,3.366,3.487,3.649,3.717,3.899,4.506,5.202,5.33,1.306,1.457,1.703,2.238,3.11,3.499,1.364,1.383,1.555,1.807,2.363,2.279
2026-02-11,3.512,3.569,3.741,4.172,4.757,4.814,2.051,2.09,2.383,2.796,3.348,3.466,3.623,3.692,3.88,4.476,5.164,5.29,1.297,1.463,1.7,2.237,3.109,3.502,1.373,1.395,1.548,1.802,2.36,2.273
2026-02-12,3.466,3.51,3.668,4.104,4.676,4.731,2.036,2.074,2.365,2.777,3.331,3.448,3.606,3.674,3.864,4.453,5.135,5.26,1.306,1.464,1.705,2.23,3.064,3.421,1.365,1.382,1.545,1.785,2.358,2.296
2026-02-13,3.41,3.449,3.609,4.056,4.644,4.699,2.025,2.059,2.343,2.7573,3.318,3.435,3.593,3.646,3.829,4.424,5.101,5.228,1.288,1.444,1.686,2.214,3.051,3.441,1.405,1.42,1.587,1.812,2.358,2.296
2026-02-14,3.41,3.449,3.609,4.056,4.644,4.699,2.025,2.059,2.343,2.7573,3.318,3.435,3.593,3.646,3.829,4.424,5.101,5.228,1.288,1.444,1.686,2.214,3.051,3.441,1.395,1.41,1.59,1.81,2.303,2.29
2026-02-15,3.41,3.449,3.609,4.054,4.644,4.699,2.025,2.059,2.343,2.7573,3.318,3.435,3.593,3.646,3.829,4.424,5.101,5.228,1.288,1.444,1.686,2.214,3.051,3.441,1.395,1.41,1.59,1.81,2.303,2.29
2026-02-16,3.412,3.447,3.604,4.042,4.629,4.688,2.052,2.065,2.343,2.7556,3.317,3.433,3.584,3.634,3.809,4.405,5.088,5.21,1.273,1.425,1.672,2.211,3.079,3.489,1.395,1.41,1.59,1.81,2.303,2.29
2026-02-17,3.437,3.469,3.621,4.054,4.629,4.683,2.049,2.052,2.333,2.742,3.298,3.409,3.593,3.629,3.803,4.387,5.062,5.187,1.233,1.378,1.617,2.127,2.976,3.395,1.395,1.41,1.59,1.81,2.303,2.29
2026-02-18,3.46,3.493,3.647,4.081,4.655,4.707,2.053,2.06,2.341,2.7428,3.298,3.407,3.589,3.626,3.805,4.377,5.055,5.174,1.24,1.387,1.622,2.148,2.981,3.378,1.395,1.41,1.59,1.81,2.303,2.29
